user_id,product_id,category,price,old_name,status,amount,base_price,region,priority
8621,713,Toys,1022.04,Sports Monitor v5,Pending,5071.2,1014.24,Midwest,Medium
7024,720,Sports,125.70,Clothing Tool v3,Completed,156.52,78.26,Midwest,High
5226,818,Furniture,1758.51,Appliances System v5,Pending,3421.88,1710.94,West,Medium
,679,Sports,847.74,Furniture System v3,Canceled,3998.85,799.77,South,High
9454,355,Sports,1314.07,Sports Widget v1,Canceled,2601.32,1300.66,North,High
9098,115,Clothing,1960.04,Sports Tool v4,Canceled,5777.31,1925.77,Midwest,Critical
5830,277,Sports,1235.62,Electronics Monitor v1,Pending,6016.4,1203.28,Midwest,Critical
1777,134,Appliances,1439.50,Furniture System v2,Completed,7020.25,1404.05,East,Critical
7978,403,Clothing,1907.58,Toys Monitor v1,Shipped,7457.72,1864.43,North,Critical
9215,263,Appliances,992.09,Appliances Monitor v4,Completed,2920.65,973.55,Midwest,Critical
4129,376,Electronics,261.08,Toys Device v1,Pending,650.73,216.91,South,High
5837,752,Toys,1353.73,Toys Apparel v5,Completed,1314.82,1314.82,North,Critical
7388,214,Furniture,1139.84,Appliances Tool v3,Canceled,4366.04,1091.51,South,High
1127,419,Appliances,1902.27,Toys System v4,Shipped,1860.04,1860.04,East,Low
8375,659,Toys,1615.05,Toys Device v5,Shipped,7896.0,1579.2,North,Medium
9654,847,Electronics,678.07,Electronics Widget v2,Canceled,1308.62,654.31,South,Critical
9932,472,Electronics,465.75,Appliances Apparel v3,Completed,1686.56,421.64,Midwest,Low
5071,815,Electronics,1611.79,Toys Gear v5,Processing,7916.85,1583.37,South,Critical
3107,241,Appliances,1569.06,Electronics Device v5,Processing,1540.53,1540.53,Midwest,High
4794,365,Toys,2032.80,Clothing Apparel v5,Pending,7935.16,1983.79,Midwest,Low
7806,412,Sports,1333.44,Electronics Apparel v1,Pending,5242.52,1310.63,South,High
7420,147,Appliances,1643.39,Toys Widget v5,Canceled,8047.85,1609.57,North,High
8822,177,Electronics,1867.66,Clothing Device v2,Completed,9232.45,1846.49,North,Critical
8143,201,Electronics,194.60,Toys Desk v3,Completed,153.83,153.83,Midwest,High
1263,531,Toys,1098.22,Clothing System v2,Processing,1065.5,1065.5,North,Medium
8650,433,Electronics,1909.00,Electronics Apparel v2,Pending,3753.56,1876.78,East,Medium
7944,161,Appliances,1431.86,Electronics Tool v3,Completed,1382.81,1382.81,North,Critical
9454,151,Furniture,174.65,Furniture Monitor v3,Completed,600.88,150.22,North,Critical
,138,Clothing,1317.35,Clothing Desk v5,Shipped,2580.74,1290.37,West,Medium
6126,135,Sports,293.14,Clothing Tool v3,Shipped,1277.95,255.59,East,Critical
4792,124,Sports,1708.97,Clothing Device v2,Completed,6679.4,1669.85,Midwest,Medium
6626,108,Furniture,1631.30,Electronics Monitor v4,Shipped,3177.86,1588.93,Midwest,Low
8567,313,Toys,895.83,Sports Widget v4,Shipped,4325.55,865.11,North,High
2462,796,Sports,218.70,Clothing Monitor v3,Processing,851.4,170.28,East,Low
4442,237,Toys,1256.90,Sports Tool v1,Completed,3735.36,1245.12,West,Medium
6219,793,Electronics,907.09,Electronics System v1,Pending,2645.55,881.85,Midwest,Critical
5845,597,Toys,1554.69,Sports System v4,Shipped,7705.35,1541.07,Midwest,Medium
1302,383,Clothing,1750.71,Appliances Apparel v1,Processing,3443.1,1721.55,North,Medium
3727,802,Electronics,432.41,Sports Desk v1,Canceled,384.26,384.26,Midwest,Critical
8580,625,Furniture,1929.99,Appliances Monitor v2,Completed,7572.24,1893.06,North,Medium
,216,Toys,1178.35,Appliances Tool v1,Pending,4606.8,1151.7,North,High
4378,623,Electronics,975.98,Clothing Desk v3,Pending,4642.8,928.56,South,Medium
9689,759,Electronics,634.77,Furniture Monitor v5,Pending,2956.5,591.3,West,Critical
2957,745,Appliances,1162.78,Sports Widget v4,Shipped,4471.76,1117.94,North,Low
2526,425,Clothing,948.11,Appliances Widget v5,Canceled,2822.19,940.73,South,Critical
1206,493,Sports,1863.69,Furniture Apparel v4,Shipped,3674.12,1837.06,North,Low
2453,551,Toys,87.82,Appliances Desk v4,Completed,219.81,73.27,West,Low
1763,100,Clothing,1831.81,Clothing Gear v2,Canceled,3607.64,1803.82,Midwest,Critical
1916,851,Clothing,328.97,Clothing Device v3,Shipped,1249.04,312.26,East,Low
5660,812,Clothing,468.40,Clothing Apparel v2,Completed,867.96,433.98,West,Low
1741,437,Appliances,749.25,Electronics Device v2,Pending,704.9,704.9,West,Critical
9531,591,Furniture,298.11,Toys Tool v1,Pending,1344.45,268.89,East,High
6662,427,Toys,1550.59,Toys Tool v3,Pending,4582.65,1527.55,Midwest,Critical
7971,277,Furniture,1879.37,Clothing Monitor v3,Pending,7342.16,1835.54,East,Critical
,882,Appliances,1376.52,Toys Apparel v5,Processing,6852.05,1370.41,Midwest,High
2563,317,Appliances,1412.82,Electronics Device v5,Processing,4097.07,1365.69,West,Low
,819,Clothing,524.09,Furniture Monitor v2,Canceled,500.95,500.95,South,High
2815,530,Sports,236.69,Furniture Device v4,Pending,200.89,200.89,West,Medium
2446,196,Toys,1402.75,Clothing Widget v1,Shipped,5561.28,1390.32,North,Critical
6976,435,Clothing,1401.89,Appliances Apparel v2,Processing,6888.4,1377.68,East,Critical
4367,623,Furniture,934.01,Toys Monitor v5,Completed,4449.75,889.95,North,Low
9669,329,Sports,830.68,Furniture Monitor v3,Canceled,798.17,798.17,North,Low
4155,760,Appliances,1866.53,Clothing Monitor v3,Pending,7357.44,1839.36,West,Medium
8760,190,Furniture,1794.30,Clothing Tool v5,Processing,8722.45,1744.49,South,Medium
1032,504,Appliances,167.69,Toys Tool v5,Shipped,122.49,122.49,South,Low
6426,882,Appliances,769.09,Toys Gear v1,Canceled,2209.5,736.5,West,Critical
,213,Appliances,1288.26,Electronics Apparel v5,Completed,1279.53,1279.53,North,Critical
7469,758,Furniture,665.24,Sports Monitor v1,Shipped,3101.95,620.39,Midwest,Low
,513,Furniture,1342.16,Electronics Widget v2,Shipped,3943.05,1314.35,North,Low
7130,635,Electronics,864.34,Electronics Desk v1,Processing,839.08,839.08,North,Medium
8664,144,Electronics,468.88,Sports Widget v4,Shipped,2268.25,453.65,South,Medium
,837,Furniture,1325.59,Clothing Gear v1,Pending,2565.94,1282.97,West,High
7791,448,Clothing,1235.49,Clothing Apparel v1,Processing,3625.44,1208.48,West,High
7163,104,Toys,1016.58,Appliances System v4,Completed,2939.73,979.91,Midwest,High
6159,340,Appliances,1989.69,Furniture Tool v1,Canceled,1978.73,1978.73,East,Medium
3173,759,Toys,133.16,Clothing Monitor v5,Canceled,508.72,127.18,South,Low
9103,303,Sports,1314.27,Electronics Monitor v4,Shipped,5181.48,1295.37,South,Critical
8405,856,Sports,1689.40,Furniture Widget v4,Completed,3323.06,1661.53,South,Low
4224,164,Furniture,413.80,Appliances Apparel v5,Canceled,1112.25,370.75,North,Medium
4882,789,Appliances,1914.49,Toys System v3,Processing,3779.74,1889.87,West,High
,718,Furniture,1033.86,Furniture Gear v1,Shipped,5038.95,1007.79,Midwest,Medium
7283,374,Electronics,280.22,Sports Monitor v1,Completed,528.44,264.22,East,Low
1243,527,Electronics,324.15,Electronics Widget v1,Canceled,314.86,314.86,East,Low
6516,323,Toys,1143.97,Clothing Widget v4,Pending,5567.0,1113.4,North,High
9059,806,Toys,156.41,Furniture Gear v1,Shipped,259.14,129.57,South,Low
7581,676,Furniture,380.62,Furniture Widget v2,Shipped,997.59,332.53,South,Critical
9746,151,Electronics,160.54,Furniture Desk v3,Canceled,305.86,152.93,West,Critical
1686,161,Furniture,1447.42,Toys Widget v5,Pending,2841.18,1420.59,West,High
9739,680,Appliances,1737.51,Sports Widget v5,Completed,8652.7,1730.54,Midwest,Low
,150,Clothing,1777.90,Toys System v4,Processing,1769.99,1769.99,North,High
,183,Clothing,101.34,Furniture Tool v5,Shipped,301.95,60.39,East,Critical
5186,671,Furniture,584.68,Sports System v2,Canceled,1684.41,561.47,South,Low
3654,118,Toys,1838.72,Clothing Device v5,Completed,3584.5,1792.25,South,Low
4647,796,Electronics,1000.48,Appliances System v2,Pending,2947.92,982.64,North,Medium
1719,570,Electronics,783.71,Sports Device v3,Pending,2972.52,743.13,Midwest,Low
1649,387,Electronics,1322.20,Electronics Desk v4,Pending,6570.5,1314.1,West,Medium
5712,350,Appliances,436.35,Sports Desk v5,Canceled,1170.12,390.04,North,High
7317,636,Furniture,289.06,Electronics Desk v4,Canceled,799.95,266.65,East,Medium
2296,823,Furniture,1515.05,Appliances Apparel v4,Canceled,4453.11,1484.37,Midwest,High
2026,288,Furniture,1618.66,Sports Apparel v2,Completed,3156.62,1578.31,Midwest,Critical
1426,765,Sports,1770.54,Appliances System v3,Shipped,3472.14,1736.07,Midwest,Medium
1663,610,Electronics,858.64,Furniture System v1,Shipped,851.6,851.6,West,High
4851,477,Appliances,1933.15,Clothing System v5,Pending,5730.12,1910.04,West,High
8120,328,Appliances,1625.95,Clothing Gear v1,Processing,4861.26,1620.42,West,High
7108,557,Furniture,485.86,Furniture Apparel v5,Shipped,1833.68,458.42,West,Low
2552,428,Furniture,1354.05,Sports Widget v5,Canceled,2627.0,1313.5,North,Low
8455,558,Furniture,69.69,Clothing Gear v4,Shipped,28.53,28.53,West,Low
3491,262,Furniture,68.99,Sports Tool v4,Completed,83.18,41.59,Midwest,Low
4756,800,Sports,1526.46,Appliances Gear v5,Shipped,4516.89,1505.63,West,Low
2371,565,Appliances,679.07,Sports Device v2,Canceled,2594.88,648.72,Midwest,High
2527,169,Clothing,1593.81,Electronics Apparel v1,Shipped,3134.72,1567.36,North,Critical
1635,141,Electronics,68.64,Sports Monitor v2,Canceled,141.87,47.29,South,Low
1099,152,Toys,594.30,Toys Desk v4,Completed,569.27,569.27,West,Critical
2851,702,Sports,316.52,Sports Widget v5,Shipped,1397.1,279.42,North,High
6101,354,Sports,166.82,Appliances Desk v2,Pending,254.16,127.08,Midwest,High
7188,242,Appliances,333.00,Electronics Gear v4,Canceled,915.72,305.24,North,Critical
2106,723,Furniture,549.82,Toys Apparel v1,Canceled,2545.7,509.14,West,Medium
2230,518,Electronics,1750.51,Sports Monitor v3,Completed,3420.22,1710.11,Midwest,Critical
7349,612,Electronics,700.91,Toys Device v4,Canceled,1339.48,669.74,West,Medium
5015,445,Appliances,1114.21,Electronics Desk v3,Completed,4409.8,1102.45,West,High
5862,285,Appliances,227.15,Sports Device v4,Shipped,204.56,204.56,East,High
1837,247,Toys,42.37,Furniture Monitor v1,Pending,14.06,14.06,South,Medium
6477,516,Toys,1624.81,Sports Gear v3,Processing,1610.79,1610.79,Midwest,High
8919,170,Appliances,875.48,Sports System v3,Shipped,3325.24,831.31,West,High
8873,783,Toys,1518.73,Clothing Widget v3,Shipped,2943.86,1471.93,South,High
3130,419,Furniture,1420.03,Clothing Device v1,Shipped,6953.6,1390.72,West,Medium
5309,589,Clothing,250.69,Toys Apparel v5,Shipped,452.26,226.13,West,Critical
9922,297,Appliances,1059.29,Clothing Device v5,Processing,1014.86,1014.86,North,Critical
5282,218,Appliances,1189.02,Clothing Apparel v4,Processing,1171.71,1171.71,West,Low
9067,821,Toys,354.82,Sports Apparel v1,Processing,955.38,318.46,East,High
,738,Clothing,933.52,Electronics Desk v5,Pending,900.96,900.96,West,High
6149,833,Sports,1582.23,Appliances Gear v1,Completed,3124.0,1562.0,East,High
2940,390,Furniture,531.04,Toys Tool v1,Processing,2520.9,504.18,Midwest,Medium
1122,650,Electronics,246.92,Furniture Widget v1,Shipped,910.36,227.59,East,Critical
2972,329,Clothing,426.03,Appliances Desk v2,Pending,1628.92,407.23,West,Medium
1575,353,Clothing,1635.89,Sports Tool v2,Completed,7966.15,1593.23,South,Critical
9303,888,Appliances,1164.67,Appliances Desk v3,Processing,2299.6,1149.8,North,High
8159,644,Electronics,1003.32,Appliances System v2,Completed,3858.64,964.66,East,Low
5718,585,Appliances,1839.35,Sports Desk v4,Pending,5373.42,1791.14,South,Critical
,303,Toys,1406.58,Appliances Widget v2,Pending,2796.64,1398.32,West,Low
4541,604,Toys,336.79,Furniture Desk v5,Shipped,1264.72,316.18,East,High
7137,865,Furniture,110.35,Furniture Device v2,Processing,140.4,70.2,West,Medium
1179,442,Furniture,1566.60,Electronics Widget v2,Processing,4604.13,1534.71,East,Critical
1190,126,Sports,1029.54,Furniture Apparel v3,Canceled,3987.4,996.85,North,Medium
2334,111,Clothing,1286.26,Clothing Monitor v4,Pending,4987.76,1246.94,West,High
9446,483,Electronics,518.45,Sports Apparel v1,Processing,2368.15,473.63,South,Low
9631,111,Toys,1279.66,Clothing Monitor v4,Completed,6286.35,1257.27,North,Low
7532,102,Toys,373.40,Toys Desk v1,Completed,1765.85,353.17,West,Low
7431,686,Appliances,1744.42,Clothing Monitor v1,Pending,8671.15,1734.23,Midwest,High
3439,295,Appliances,1076.69,Electronics Desk v1,Canceled,3151.26,1050.42,East,Medium
1137,187,Sports,1031.59,Appliances Monitor v3,Pending,1964.2,982.1,North,Low
5966,672,Appliances,1734.42,Clothing Widget v4,Shipped,5171.46,1723.82,East,Critical
4738,186,Furniture,2016.66,Sports Gear v1,Shipped,7907.64,1976.91,West,Medium
9080,586,Clothing,1146.18,Appliances Desk v5,Pending,3298.02,1099.34,Midwest,Medium
6018,595,Furniture,743.91,Appliances Apparel v5,Pending,2197.23,732.41,Midwest,Critical
8506,718,Electronics,1634.76,Toys Monitor v4,Completed,3188.12,1594.06,West,Low
1419,500,Appliances,1020.37,Electronics Tool v2,Processing,2988.63,996.21,West,Low
9429,449,Appliances,785.55,Clothing Monitor v2,Pending,1559.84,779.92,South,Medium
9566,352,Electronics,63.69,Appliances Apparel v3,Completed,120.21,40.07,Midwest,High
6003,263,Electronics,224.82,Furniture Apparel v3,Pending,196.7,196.7,South,Critical
,894,Furniture,1463.89,Furniture Tool v3,Canceled,1421.26,1421.26,North,Low
2275,280,Electronics,1866.68,Furniture Desk v4,Pending,5480.07,1826.69,West,Low
9842,593,Electronics,2029.53,Electronics Desk v5,Processing,5984.34,1994.78,Midwest,Low
4855,216,Furniture,1973.78,Clothing System v2,Completed,1954.48,1954.48,South,Medium
7549,751,Electronics,605.95,Appliances Gear v1,Canceled,2385.88,596.47,West,Critical
3808,255,Clothing,1355.90,Appliances System v2,Canceled,6742.35,1348.47,South,High
2035,807,Toys,270.64,Toys System v2,Processing,485.52,242.76,East,Low
2912,174,Electronics,407.83,Sports System v2,Pending,1187.76,395.92,Midwest,Critical
7380,692,Furniture,1923.91,Appliances System v5,Shipped,1886.97,1886.97,West,High
8500,325,Toys,1615.18,Appliances Widget v2,Processing,1565.95,1565.95,South,Low
3947,320,Sports,811.44,Sports Monitor v4,Shipped,1583.42,791.71,East,Low
4090,732,Toys,999.39,Toys Gear v3,Processing,3970.04,992.51,East,Medium
1350,880,Clothing,938.26,Electronics System v4,Pending,926.72,926.72,North,High
5491,764,Appliances,200.72,Toys Gear v3,Processing,171.58,171.58,Midwest,High
5950,398,Toys,354.08,Sports Desk v5,Canceled,917.25,305.75,Midwest,Low
8215,475,Clothing,1982.94,Electronics Widget v5,Shipped,1973.18,1973.18,West,Critical
4234,762,Clothing,1534.85,Electronics Device v3,Completed,7598.7,1519.74,Midwest,High
7715,878,Furniture,55.64,Electronics Device v4,Processing,33.72,33.72,South,Low
4372,767,Furniture,895.94,Clothing Apparel v4,Completed,3406.0,851.5,South,High
9124,489,Furniture,1455.89,Toys Tool v4,Canceled,2865.62,1432.81,East,Medium
3216,589,Electronics,919.62,Electronics Widget v4,Processing,2743.83,914.61,West,High
5946,237,Furniture,1013.97,Appliances System v5,Completed,2007.64,1003.82,East,Low
4453,828,Sports,947.80,Clothing System v5,Completed,4556.65,911.33,Midwest,Medium
2257,453,Toys,468.06,Furniture Apparel v2,Processing,2163.35,432.67,North,High
4476,165,Appliances,1523.70,Toys System v4,Completed,2957.54,1478.77,South,Medium
2038,866,Furniture,1749.58,Furniture Monitor v5,Completed,1744.06,1744.06,North,Critical
2308,769,Furniture,536.81,Electronics Desk v1,Shipped,2538.75,507.75,South,Critical
3276,352,Electronics,1432.06,Clothing Apparel v3,Canceled,5556.36,1389.09,North,Critical
7980,197,Clothing,1209.59,Appliances Apparel v2,Pending,3612.75,1204.25,North,High
,113,Appliances,668.43,Electronics Monitor v5,Completed,1293.06,646.53,South,Critical
,828,Furniture,966.86,Electronics Desk v1,Completed,2855.91,951.97,West,High
5677,508,Electronics,1652.40,Sports Device v1,Processing,3271.02,1635.51,West,Low
6030,892,Clothing,878.43,Electronics Gear v5,Pending,3399.04,849.76,Midwest,Low
5603,301,Furniture,1374.97,Sports Device v3,Pending,1326.15,1326.15,South,High
9437,646,Furniture,530.33,Appliances Desk v3,Completed,2492.55,498.51,Midwest,Critical
3752,715,Sports,1671.24,Toys Apparel v2,Canceled,8309.2,1661.84,East,Low
7749,342,Clothing,1999.97,Toys Apparel v4,Completed,1988.76,1988.76,North,Low
3698,214,Clothing,423.61,Appliances Desk v4,Completed,793.98,396.99,West,High
3977,848,Appliances,1030.56,Clothing Monitor v4,Shipped,4018.28,1004.57,North,Critical
5387,439,Furniture,796.88,Appliances Widget v3,Pending,2349.09,783.03,North,Critical
1997,412,Furniture,220.99,Electronics Apparel v5,Pending,859.4,214.85,East,Medium
6208,197,Clothing,1142.33,Sports Device v4,Processing,2188.78,1094.39,East,Medium
,434,Furniture,2029.02,Electronics System v1,Canceled,1999.83,1999.83,North,Medium
9099,529,Toys,673.39,Electronics Apparel v5,Shipped,647.67,647.67,South,Low
9176,104,Appliances,81.79,Furniture Monitor v5,Processing,124.23,41.41,West,Critical
8502,627,Toys,1387.66,Appliances Device v1,Shipped,2761.56,1380.78,Midwest,Low
1371,880,Furniture,1759.98,Furniture Apparel v4,Processing,8580.8,1716.16,West,Medium
1300,804,Toys,104.88,Electronics Desk v5,Pending,93.55,93.55,East,High
2694,188,Clothing,1057.94,Clothing Widget v1,Completed,5098.15,1019.63,North,Critical
9602,105,Furniture,926.26,Sports Monitor v3,Completed,2723.46,907.82,West,Low
9865,607,Electronics,238.44,Clothing System v1,Canceled,440.02,220.01,East,Medium
6712,127,Electronics,1469.03,Furniture System v5,Canceled,1420.26,1420.26,South,High
9651,728,Furniture,1607.34,Appliances Gear v5,Shipped,6330.52,1582.63,West,High
5620,669,Appliances,1363.60,Furniture Desk v2,Processing,5341.36,1335.34,Midwest,Critical
4019,739,Clothing,1984.16,Appliances Gear v3,Canceled,9823.8,1964.76,East,Low
1358,721,Clothing,211.29,Clothing Gear v3,Shipped,169.33,169.33,South,Low
3927,565,Sports,767.43,Appliances Tool v1,Canceled,756.04,756.04,Midwest,Low
8402,123,Electronics,1049.97,Appliances Tool v4,Processing,5036.85,1007.37,East,Medium
9993,259,Toys,1023.25,Electronics Tool v2,Pending,1966.2,983.1,West,Critical
,675,Toys,1599.50,Toys Monitor v2,Pending,1593.26,1593.26,West,Low
,260,Appliances,728.89,Appliances System v3,Processing,1367.34,683.67,East,High
5589,876,Electronics,1812.53,Furniture Tool v2,Processing,7051.44,1762.86,West,Low
7884,886,Clothing,153.05,Appliances Desk v3,Completed,286.96,143.48,Midwest,High
,582,Appliances,75.08,Electronics Gear v3,Pending,176.36,44.09,South,Critical
6245,619,Sports,260.25,Sports System v3,Shipped,644.04,214.68,Midwest,Low
3011,466,Clothing,1273.29,Electronics Desk v5,Canceled,3729.09,1243.03,Midwest,Low
8985,406,Furniture,1220.75,Clothing Device v4,Pending,5911.6,1182.32,East,Low
7646,837,Furniture,1876.86,Clothing Apparel v3,Completed,5603.94,1867.98,North,High
3666,279,Furniture,1629.31,Furniture Apparel v1,Canceled,3239.28,1619.64,South,Critical
1933,139,Clothing,1580.48,Clothing Apparel v1,Shipped,4657.83,1552.61,South,Medium
7137,454,Furniture,966.81,Electronics Monitor v4,Processing,1873.4,936.7,North,Medium
4420,215,Toys,1198.37,Electronics Widget v1,Shipped,2319.94,1159.97,West,Medium
5614,189,Electronics,1736.93,Clothing Desk v3,Shipped,6926.56,1731.64,East,Critical
9691,571,Clothing,1408.66,Electronics Apparel v2,Processing,4091.97,1363.99,South,Medium
4106,555,Electronics,827.31,Appliances Tool v4,Canceled,3159.56,789.89,West,Critical
2365,727,Clothing,1145.04,Appliances Tool v1,Pending,3348.15,1116.05,North,High
4990,313,Clothing,751.35,Electronics Tool v4,Completed,2132.73,710.91,West,Critical
6884,737,Appliances,191.18,Furniture Monitor v1,Canceled,500.79,166.93,East,Low
2127,523,Furniture,185.44,Appliances Gear v1,Processing,695.32,173.83,North,Critical
,127,Toys,743.74,Clothing Widget v3,Pending,696.5,696.5,West,Low
9608,408,Furniture,1447.03,Toys Desk v2,Shipped,2850.0,1425.0,Midwest,Medium
,128,Furniture,1338.88,Sports Apparel v5,Processing,6645.3,1329.06,West,Critical
2459,152,Electronics,822.80,Sports System v4,Shipped,1623.7,811.85,Midwest,Critical
7044,373,Furniture,517.41,Electronics Widget v3,Completed,1416.96,472.32,East,Critical
4490,275,Furniture,291.57,Sports Desk v5,Shipped,499.84,249.92,North,Medium
6453,732,Electronics,1410.56,Appliances Device v2,Pending,4169.79,1389.93,East,Medium
1663,172,Electronics,354.32,Toys Apparel v4,Pending,685.76,342.88,North,High
1992,751,Sports,1147.53,Toys Device v2,Canceled,1140.93,1140.93,East,Critical
9442,423,Toys,1546.01,Sports Monitor v5,Processing,7670.85,1534.17,Midwest,Low
1597,259,Toys,1024.84,Sports System v5,Processing,5075.8,1015.16,East,High
,738,Toys,647.78,Electronics System v5,Pending,3087.15,617.43,West,High
1893,108,Electronics,942.69,Electronics Gear v5,Processing,935.6,935.6,South,High
6926,584,Electronics,733.94,Appliances System v5,Processing,702.39,702.39,Midwest,High
3695,219,Appliances,184.48,Furniture Monitor v1,Shipped,173.38,173.38,Midwest,High
6391,620,Electronics,1217.98,Toys Apparel v1,Canceled,4757.6,1189.4,West,Critical
9901,335,Clothing,282.20,Appliances Apparel v2,Canceled,700.74,233.58,East,Medium
6465,241,Sports,593.57,Toys Tool v2,Pending,2241.96,560.49,South,Critical
8444,359,Sports,1332.26,Electronics Widget v3,Shipped,5217.72,1304.43,East,High
8097,807,Appliances,1111.77,Electronics System v1,Pending,1095.05,1095.05,South,High
3157,620,Sports,1490.85,Toys Monitor v3,Processing,4456.56,1485.52,South,Low
6201,209,Sports,1936.51,Appliances Widget v3,Pending,1886.99,1886.99,North,Medium
4957,793,Appliances,930.58,Sports Widget v2,Canceled,1812.34,906.17,East,High
8073,279,Clothing,307.81,Clothing Widget v5,Canceled,1419.75,283.95,West,Medium
5251,688,Toys,658.66,Appliances Device v3,Completed,2493.4,623.35,East,Low
3774,331,Clothing,814.80,Electronics Gear v5,Completed,3088.0,772.0,West,Medium
2414,507,Electronics,1536.02,Appliances Device v2,Completed,6101.84,1525.46,Midwest,High
,660,Toys,1751.21,Toys System v5,Pending,6883.24,1720.81,West,Medium
7764,730,Clothing,77.74,Appliances Widget v5,Completed,253.7,50.74,East,Medium
8062,674,Sports,1406.09,Toys Apparel v4,Canceled,1358.81,1358.81,Midwest,Medium
3911,790,Electronics,481.96,Clothing Gear v3,Shipped,2245.65,449.13,North,High
5920,386,Clothing,1961.09,Furniture System v3,Shipped,3879.2,1939.6,North,Low
1739,868,Furniture,1438.42,Toys Tool v5,Completed,2851.34,1425.67,North,High
5154,667,Furniture,538.21,Electronics Desk v4,Pending,1562.79,520.93,North,Medium
3637,141,Electronics,1635.04,Furniture Desk v3,Canceled,3183.84,1591.92,South,Critical
,612,Furniture,1703.55,Appliances Tool v1,Shipped,8489.05,1697.81,East,Medium
3832,602,Toys,1665.29,Appliances Device v1,Completed,3303.88,1651.94,South,Low
3441,292,Furniture,374.62,Clothing Desk v3,Canceled,341.86,341.86,North,Critical
1764,242,Toys,1734.39,Toys Tool v1,Pending,1691.75,1691.75,Midwest,Critical
1423,614,Toys,203.75,Furniture Monitor v3,Shipped,804.4,160.88,East,High
4972,495,Sports,370.41,Clothing Device v4,Completed,322.3,322.3,East,Medium
,186,Appliances,1039.65,Clothing System v2,Pending,3006.51,1002.17,East,Critical
,115,Sports,1856.87,Toys Apparel v5,Shipped,7361.08,1840.27,West,Critical
1167,617,Toys,1786.83,Toys Gear v1,Shipped,5246.58,1748.86,North,Low
2860,754,Clothing,1129.15,Toys Device v4,Shipped,5494.9,1098.98,South,Medium
6184,447,Furniture,1416.46,Furniture Widget v3,Shipped,1376.24,1376.24,North,Critical
9618,298,Toys,1143.41,Appliances Apparel v1,Completed,4415.96,1103.99,South,Low
7127,330,Sports,1273.17,Electronics Monitor v4,Completed,6126.6,1225.32,East,Low
6821,855,Toys,1781.90,Furniture Tool v3,Pending,3535.28,1767.64,Midwest,Critical
,284,Electronics,762.15,Clothing Gear v1,Completed,2169.81,723.27,East,High
4975,501,Appliances,459.42,Sports Tool v1,Shipped,1789.28,447.32,North,High
9874,352,Electronics,1277.60,Sports Monitor v4,Processing,1272.58,1272.58,South,Critical
3763,508,Toys,848.87,Sports Widget v5,Shipped,4090.2,818.04,North,Low
9360,206,Electronics,1575.18,Clothing System v5,Pending,3137.2,1568.6,South,Critical
3251,632,Clothing,981.49,Furniture Widget v5,Shipped,4671.9,934.38,South,High
6734,886,Toys,451.73,Electronics Apparel v1,Canceled,434.91,434.91,South,High
4666,359,Furniture,495.63,Toys Gear v5,Canceled,974.14,487.07,West,Critical
6888,851,Appliances,1523.33,Appliances System v5,Canceled,7534.1,1506.82,East,Critical
3657,350,Clothing,551.85,Electronics Device v4,Pending,1592.34,530.78,North,Medium
9888,643,Appliances,1646.72,Toys Widget v3,Processing,8181.95,1636.39,South,Critical
3097,598,Electronics,1842.38,Clothing Monitor v2,Processing,9127.75,1825.55,South,Medium
,549,Electronics,519.42,Sports Widget v3,Pending,1507.8,502.6,East,Medium
8301,263,Electronics,1400.13,Toys Desk v5,Shipped,5484.56,1371.14,Midwest,Medium
2751,445,Toys,1249.04,Electronics Apparel v4,Pending,6128.05,1225.61,South,High
5743,541,Clothing,1763.49,Toys Tool v3,Canceled,6913.36,1728.34,East,Critical
6119,489,Appliances,188.52,Toys Tool v2,Pending,162.44,162.44,North,Critical
3671,668,Electronics,609.87,Furniture Device v3,Shipped,1182.22,591.11,North,Critical
3496,608,Appliances,144.65,Appliances Monitor v3,Canceled,257.6,128.8,Midwest,Medium
3672,433,Clothing,1450.91,Sports Device v4,Pending,4254.45,1418.15,South,High
,123,Clothing,196.92,Electronics System v1,Canceled,533.46,177.82,East,Critical
3293,556,Sports,421.95,Toys Desk v4,Canceled,392.29,392.29,South,Low
7596,279,Furniture,1885.82,Toys Desk v5,Canceled,1874.43,1874.43,East,High
2093,334,Toys,801.43,Furniture Widget v5,Processing,1520.86,760.43,North,Low
2496,231,Electronics,1733.69,Clothing Desk v4,Processing,8513.9,1702.78,North,High
9975,500,Toys,778.76,Appliances Monitor v4,Processing,742.75,742.75,Midwest,High
3905,124,Clothing,656.05,Sports Gear v1,Shipped,1950.45,650.15,East,Medium
5520,745,Electronics,1940.13,Furniture Device v5,Processing,3852.64,1926.32,Midwest,Medium
2033,100,Appliances,1781.24,Clothing Desk v1,Canceled,5265.06,1755.02,North,Low
1675,443,Electronics,1541.29,Furniture Apparel v4,Completed,7661.9,1532.38,North,Medium
4622,474,Toys,594.07,Furniture Monitor v3,Completed,1715.13,571.71,Midwest,Critical
4664,189,Clothing,1116.85,Appliances System v3,Shipped,1068.76,1068.76,East,Low
,552,Appliances,1813.14,Toys Gear v5,Completed,1790.96,1790.96,North,Low
7751,614,Appliances,1661.16,Appliances Gear v2,Canceled,3295.14,1647.57,West,High
4567,174,Clothing,1902.76,Sports Widget v1,Processing,3747.24,1873.62,Midwest,Medium
8958,691,Electronics,399.51,Sports Desk v2,Canceled,1057.95,352.65,East,Critical
1080,384,Electronics,713.38,Sports System v4,Completed,1409.22,704.61,North,Low
2672,645,Clothing,1549.97,Furniture Monitor v1,Pending,7696.7,1539.34,South,Critical
1462,574,Toys,1832.22,Sports Desk v2,Processing,7282.72,1820.68,North,Medium
,720,Toys,2012.36,Toys Tool v2,Canceled,7867.0,1966.75,South,Medium
7380,387,Electronics,784.34,Electronics Device v5,Shipped,1503.48,751.74,North,Low
7121,171,Sports,752.03,Electronics Monitor v2,Processing,3698.6,739.72,South,High
3358,785,Sports,72.75,Furniture Device v3,Pending,261.55,52.31,North,High
,263,Sports,1283.67,Appliances Monitor v5,Completed,2546.22,1273.11,North,Critical
4788,635,Furniture,1994.61,Furniture Widget v1,Canceled,5874.87,1958.29,East,Critical
1467,690,Sports,480.38,Clothing Tool v3,Completed,463.01,463.01,Midwest,Medium
2761,750,Sports,94.66,Sports Desk v2,Processing,143.92,71.96,West,Low
5142,454,Appliances,239.97,Toys Tool v3,Completed,1112.6,222.52,North,Critical
,235,Toys,1925.54,Furniture Gear v1,Completed,1905.63,1905.63,West,Low
2022,147,Clothing,715.59,Furniture Monitor v1,Processing,2675.28,668.82,Midwest,Critical
5470,114,Furniture,1035.63,Toys Gear v2,Completed,1975.46,987.73,East,Medium
,325,Furniture,529.62,Electronics Monitor v5,Completed,499.04,499.04,East,Critical
8704,594,Sports,1940.16,Furniture Device v2,Pending,5734.35,1911.45,South,Critical
,299,Electronics,1873.19,Clothing Monitor v1,Completed,5481.42,1827.14,West,Low
4637,759,Toys,1804.06,Clothing Device v4,Shipped,5301.36,1767.12,South,Low
3383,783,Electronics,615.55,Furniture Widget v5,Processing,2265.32,566.33,South,Medium
7592,712,Electronics,969.18,Appliances Gear v3,Pending,956.56,956.56,West,High
9153,576,Sports,479.26,Sports Gear v5,Pending,874.62,437.31,Midwest,Critical
9679,269,Sports,1554.16,Appliances Tool v5,Canceled,1530.82,1530.82,East,Low
5685,660,Electronics,1418.28,Appliances System v2,Pending,2766.22,1383.11,North,Low
9299,779,Electronics,114.93,Appliances System v1,Completed,398.25,79.65,East,Critical
3141,147,Electronics,1084.85,Clothing Widget v5,Canceled,2121.82,1060.91,West,Low
8198,243,Clothing,1071.01,Furniture Apparel v1,Shipped,5290.75,1058.15,North,High
9820,469,Furniture,372.44,Clothing Apparel v1,Pending,1365.32,341.33,West,High
3529,895,Furniture,881.23,Sports Tool v3,Completed,2590.89,863.63,North,High
2678,592,Electronics,1563.64,Appliances Tool v2,Completed,4645.38,1548.46,East,Medium
5136,408,Toys,293.79,Appliances Gear v4,Shipped,1137.16,284.29,Midwest,Critical
2020,407,Toys,1747.83,Clothing Desk v3,Canceled,5163.66,1721.22,South,High
5905,473,Clothing,1530.71,Electronics System v4,Canceled,1505.35,1505.35,West,Low
1792,812,Clothing,244.58,Clothing Gear v3,Pending,415.84,207.92,North,High
9602,523,Electronics,1740.46,Appliances Device v3,Processing,5114.34,1704.78,Midwest,Critical
7462,406,Appliances,265.72,Electronics Desk v2,Shipped,958.0,239.5,West,Critical
6283,127,Clothing,1582.81,Toys Apparel v4,Shipped,6160.8,1540.2,North,Low
9352,255,Electronics,1695.16,Furniture Desk v4,Shipped,8272.85,1654.57,East,High
5692,857,Appliances,423.85,Toys Device v5,Canceled,1255.74,418.58,North,High
3530,504,Clothing,1997.01,Electronics Device v2,Processing,1960.09,1960.09,Midwest,Low
2266,159,Sports,692.50,Electronics Widget v4,Pending,3216.7,643.34,East,Medium
5694,296,Appliances,1014.61,Sports Gear v4,Canceled,1981.44,990.72,East,Critical
,861,Furniture,1144.78,Toys Apparel v4,Canceled,5650.9,1130.18,South,High
3320,530,Electronics,1018.36,Sports Apparel v4,Pending,2950.23,983.41,West,Low
2145,796,Toys,988.05,Sports Gear v3,Pending,4713.35,942.67,North,Low
6627,669,Toys,1585.29,Appliances Widget v3,Processing,4702.29,1567.43,West,Low
,463,Sports,1276.69,Electronics Gear v3,Pending,6294.75,1258.95,South,Medium
1508,818,Toys,73.40,Electronics Tool v2,Processing,73.11,24.37,North,Medium
4305,743,Electronics,1178.45,Electronics Widget v4,Processing,1164.15,1164.15,North,Low
4172,191,Furniture,183.17,Electronics Apparel v2,Pending,811.75,162.35,North,Critical
6599,493,Clothing,793.58,Clothing Widget v1,Pending,3898.6,779.72,South,Low
9459,451,Toys,1452.48,Sports Desk v3,Shipped,1408.21,1408.21,Midwest,Critical
9232,312,Clothing,796.50,Sports Device v1,Pending,1548.32,774.16,East,Low
9710,700,Furniture,56.15,Toys Gear v2,Completed,101.25,33.75,Midwest,Low
9633,238,Sports,1481.69,Sports Device v4,Shipped,1454.87,1454.87,East,Low
2137,288,Furniture,1730.43,Appliances Tool v4,Shipped,8419.05,1683.81,West,Critical
3232,302,Toys,158.19,Clothing System v5,Processing,499.44,124.86,West,High
5858,163,Clothing,1978.58,Toys Device v1,Completed,7839.24,1959.81,West,High
9521,855,Furniture,609.47,Appliances Gear v3,Shipped,1163.14,581.57,East,Critical
7168,207,Appliances,823.87,Toys Tool v4,Processing,3941.85,788.37,Midwest,High
1225,505,Appliances,582.46,Clothing Apparel v1,Shipped,565.62,565.62,Midwest,Critical
9828,151,Sports,1285.92,Furniture Gear v4,Completed,1273.11,1273.11,South,Medium
7676,310,Furniture,1035.05,Appliances Desk v1,Shipped,1984.24,992.12,Midwest,Medium
,579,Toys,1899.71,Electronics Tool v5,Pending,9394.55,1878.91,Midwest,High
2911,763,Furniture,491.41,Sports Tool v4,Canceled,921.68,460.84,North,Low
5930,461,Furniture,257.75,Furniture Desk v3,Canceled,931.36,232.84,Midwest,Critical
5481,717,Toys,1311.14,Furniture Desk v4,Completed,3912.24,1304.08,Midwest,Critical
1491,209,Electronics,1488.23,Electronics Tool v1,Pending,5902.96,1475.74,Midwest,High
,591,Furniture,1755.26,Toys Apparel v1,Processing,1741.87,1741.87,North,Low
8318,288,Sports,361.14,Electronics Apparel v2,Processing,1412.16,353.04,West,Medium
7607,113,Toys,343.91,Toys Gear v5,Processing,1314.44,328.61,Midwest,High
7384,799,Clothing,951.91,Appliances Widget v5,Completed,2745.72,915.24,West,Critical
7051,386,Appliances,805.56,Clothing Widget v3,Pending,3116.16,779.04,North,Critical
8820,222,Sports,994.23,Furniture Widget v3,Pending,980.13,980.13,South,Medium
2216,369,Sports,349.32,Sports Monitor v5,Completed,1516.05,303.21,South,Critical
,430,Electronics,639.33,Sports Gear v2,Processing,1188.44,594.22,East,Critical
,430,Sports,838.44,Appliances Apparel v4,Canceled,2440.14,813.38,East,Low
,159,Appliances,215.86,Sports Widget v1,Completed,170.84,170.84,West,Critical
8195,899,Sports,1342.54,Furniture Apparel v1,Processing,1316.85,1316.85,North,Low
9303,779,Toys,1389.93,Sports Tool v1,Processing,6753.65,1350.73,South,Medium
6589,387,Furniture,1506.60,Clothing System v2,Shipped,1462.73,1462.73,South,High
6109,698,Electronics,746.23,Electronics Desk v5,Processing,3486.35,697.27,East,Medium
,600,Electronics,650.19,Toys Desk v2,Processing,2412.16,603.04,North,High
2360,751,Clothing,1176.42,Toys System v1,Processing,1129.39,1129.39,South,Critical
4577,885,Electronics,1386.34,Furniture Monitor v5,Processing,5506.6,1376.65,East,Medium
1855,764,Sports,886.88,Clothing Monitor v4,Shipped,4267.6,853.52,North,Critical
1045,172,Furniture,993.94,Electronics Gear v1,Completed,4835.7,967.14,East,Low
4712,378,Clothing,1978.89,Appliances Desk v5,Completed,3871.76,1935.88,South,Medium
4656,549,Clothing,1249.61,Appliances Gear v4,Shipped,3671.31,1223.77,Midwest,High
1755,530,Clothing,1673.38,Clothing Apparel v3,Shipped,4893.18,1631.06,South,High
2508,134,Appliances,1314.63,Sports Widget v4,Processing,2564.3,1282.15,North,Critical
,834,Clothing,1972.40,Toys Device v5,Processing,7766.68,1941.67,South,Critical
8884,365,Sports,972.73,Electronics Desk v3,Processing,3822.44,955.61,North,Critical
,843,Clothing,2028.04,Furniture System v4,Pending,1999.12,1999.12,East,Critical
1522,353,Furniture,413.43,Toys Device v3,Canceled,373.86,373.86,North,Medium
7975,390,Toys,689.12,Toys Tool v1,Shipped,665.15,665.15,Midwest,Critical
2880,313,Appliances,1084.66,Electronics Device v4,Processing,1058.13,1058.13,North,Low
3162,671,Clothing,1786.98,Furniture System v5,Pending,8775.05,1755.01,South,Medium
5399,375,Sports,2036.48,Clothing Gear v4,Pending,5983.59,1994.53,Midwest,Critical
4765,864,Clothing,94.59,Toys Desk v3,Processing,86.22,86.22,Midwest,Medium
4666,607,Appliances,1181.72,Toys Gear v3,Canceled,2298.48,1149.24,Midwest,High
2306,410,Clothing,918.99,Toys Device v5,Canceled,3531.36,882.84,East,Low
4696,769,Appliances,1609.96,Sports Gear v5,Shipped,7947.5,1589.5,East,Critical
9293,786,Furniture,1637.94,Toys Device v5,Completed,6515.48,1628.87,South,Critical
7979,661,Toys,356.21,Toys System v3,Canceled,1745.15,349.03,East,High
3872,312,Furniture,1065.11,Clothing Tool v5,Canceled,5195.4,1039.08,West,High
8149,216,Toys,756.32,Appliances Tool v2,Completed,3543.8,708.76,Midwest,High
3117,341,Appliances,1907.71,Furniture Device v1,Completed,5627.85,1875.95,Midwest,Critical
6853,716,Electronics,1921.26,Sports Gear v1,Pending,1911.26,1911.26,East,High
9714,685,Sports,449.24,Electronics Device v4,Processing,403.48,403.48,Midwest,High
4516,690,Toys,1445.38,Furniture Gear v1,Shipped,1405.09,1405.09,North,Low
5425,791,Furniture,1374.32,Appliances Device v2,Shipped,5389.28,1347.32,West,Low
6174,897,Furniture,751.09,Sports Tool v4,Completed,3577.35,715.47,Midwest,Medium
2032,791,Clothing,1477.57,Clothing Monitor v4,Completed,2899.74,1449.87,East,Medium
6220,722,Clothing,368.56,Electronics Tool v5,Canceled,662.02,331.01,North,Medium
7027,869,Clothing,613.20,Electronics Gear v3,Canceled,1696.89,565.63,North,Medium
3074,645,Sports,886.45,Appliances Monitor v2,Shipped,3442.52,860.63,Midwest,Critical
4198,355,Electronics,1795.90,Sports Monitor v2,Pending,1764.02,1764.02,Midwest,High
7184,280,Furniture,1813.69,Appliances Widget v3,Processing,1797.18,1797.18,East,Low
9337,450,Sports,1849.94,Clothing Device v1,Canceled,5479.35,1826.45,West,Low
6003,564,Sports,1036.80,Furniture Monitor v1,Completed,3059.82,1019.94,South,Medium
6828,171,Clothing,1828.52,Electronics System v1,Processing,7173.32,1793.33,South,High
6122,185,Toys,96.26,Clothing System v5,Pending,293.05,58.61,West,High
2572,727,Appliances,372.92,Furniture Gear v5,Processing,1312.92,328.23,East,Medium
5079,503,Appliances,1091.03,Clothing Widget v1,Shipped,4334.96,1083.74,East,Medium
8785,574,Furniture,1111.65,Furniture Widget v5,Processing,3228.09,1076.03,West,Critical
6496,714,Appliances,605.17,Sports System v5,Canceled,1182.78,591.39,North,Critical
8502,115,Sports,1134.58,Furniture Gear v2,Shipped,4344.72,1086.18,North,Critical
6717,667,Clothing,1589.54,Sports System v4,Pending,7697.8,1539.56,North,Low
1074,253,Sports,1758.40,Sports Tool v4,Canceled,5184.93,1728.31,Midwest,High
4546,236,Clothing,1241.50,Appliances Tool v1,Completed,3617.31,1205.77,North,Medium
9317,886,Toys,806.31,Sports Device v3,Pending,3169.44,792.36,East,High
2581,639,Toys,819.90,Sports Desk v5,Processing,776.53,776.53,North,Low
1260,631,Electronics,83.17,Furniture Widget v1,Canceled,186.4,46.6,West,Critical
,281,Sports,312.75,Appliances Gear v4,Canceled,1121.76,280.44,South,High
1358,460,Appliances,858.24,Toys Widget v2,Canceled,4182.15,836.43,East,Critical
6685,233,Clothing,1264.25,Clothing Device v5,Completed,6119.45,1223.89,West,High
3621,110,Appliances,1795.85,Sports Apparel v5,Pending,1787.56,1787.56,South,Medium
3248,859,Clothing,1483.61,Furniture System v5,Pending,4415.73,1471.91,East,Medium
2126,254,Appliances,1926.68,Toys Device v3,Processing,1882.05,1882.05,Midwest,Critical
2710,322,Toys,78.05,Furniture Desk v5,Shipped,240.96,60.24,South,Low
4536,582,Appliances,431.71,Clothing Device v4,Canceled,1993.05,398.61,Midwest,High
1529,293,Appliances,1143.85,Appliances Gear v1,Completed,5475.65,1095.13,North,Medium
6014,869,Furniture,1147.80,Clothing Tool v5,Canceled,2259.74,1129.87,South,Critical
9490,573,Appliances,486.06,Electronics Apparel v3,Pending,888.82,444.41,West,Low
,511,Electronics,263.99,Appliances Tool v4,Completed,237.91,237.91,East,Critical
2257,447,Appliances,166.49,Clothing System v4,Completed,117.02,117.02,Midwest,Medium
2042,529,Electronics,1719.49,Clothing Widget v2,Completed,3364.06,1682.03,East,High
5037,579,Furniture,528.17,Electronics Desk v3,Completed,956.44,478.22,West,Medium
1895,789,Sports,1173.59,Furniture Apparel v2,Processing,5740.6,1148.12,North,Critical
3438,518,Sports,106.36,Furniture Device v2,Completed,122.36,61.18,Midwest,Low
3877,382,Furniture,1495.37,Furniture Device v1,Processing,2920.96,1460.48,East,Critical
7027,187,Toys,433.88,Sports Tool v4,Pending,2077.55,415.51,East,High
3651,206,Clothing,219.40,Electronics Widget v3,Completed,376.04,188.02,East,Medium
7202,364,Furniture,1549.26,Clothing Widget v5,Pending,1528.6,1528.6,West,Critical
4069,635,Sports,1460.78,Sports System v2,Processing,5698.88,1424.72,South,High
1289,462,Sports,1974.60,Clothing Monitor v3,Canceled,1940.19,1940.19,South,Medium
7159,812,Electronics,1020.41,Clothing Monitor v2,Processing,1007.52,1007.52,South,Low
2611,531,Sports,634.85,Clothing Device v4,Completed,3133.7,626.74,West,Medium
1987,599,Appliances,897.15,Appliances Widget v4,Canceled,4241.85,848.37,Midwest,Critical
4482,777,Toys,260.86,Sports Device v1,Completed,234.01,234.01,North,Low
8474,748,Clothing,1443.04,Clothing Desk v4,Canceled,6997.4,1399.48,South,Medium
9130,180,Toys,58.16,Furniture Desk v1,Canceled,142.89,47.63,North,Critical
5576,401,Toys,211.59,Clothing Widget v1,Shipped,365.1,182.55,West,Medium
3362,381,Appliances,922.75,Furniture Apparel v2,Shipped,4368.2,873.64,East,Low
1733,750,Toys,571.27,Clothing Monitor v4,Completed,550.8,550.8,South,Critical
8800,483,Appliances,629.02,Electronics Apparel v4,Processing,3048.55,609.71,Midwest,Critical
3753,675,Furniture,158.90,Clothing Widget v5,Canceled,586.24,146.56,West,High
5779,401,Furniture,1230.29,Furniture Monitor v3,Completed,6124.6,1224.92,East,Low
7307,691,Toys,166.17,Sports Widget v5,Completed,126.65,126.65,North,High
8245,593,Clothing,1063.21,Appliances Desk v4,Completed,5155.5,1031.1,Midwest,Critical
9158,224,Furniture,1688.57,Electronics Widget v2,Canceled,5034.78,1678.26,West,Critical
4121,785,Electronics,1254.99,Furniture Gear v3,Completed,3713.79,1237.93,Midwest,Low
5005,630,Clothing,840.95,Toys Desk v2,Pending,4115.55,823.11,East,High
9467,137,Appliances,1952.64,Electronics Gear v2,Processing,1928.7,1928.7,Midwest,Low
4973,390,Appliances,185.03,Clothing Widget v4,Canceled,408.48,136.16,West,Critical
2935,796,Toys,901.56,Appliances Apparel v3,Shipped,880.84,880.84,East,Low
8153,399,Sports,1067.95,Electronics Desk v5,Shipped,1048.84,1048.84,East,Medium
7023,467,Clothing,1432.46,Toys Device v5,Canceled,5670.92,1417.73,West,Medium
9793,622,Appliances,1388.68,Clothing Device v5,Pending,5379.88,1344.97,West,Critical
4127,751,Toys,329.34,Sports Desk v1,Pending,317.29,317.29,North,High
6267,154,Toys,1229.52,Toys Monitor v2,Completed,1214.71,1214.71,South,Low
6912,888,Electronics,806.98,Toys Apparel v1,Processing,784.89,784.89,East,Medium
5953,493,Electronics,1504.01,Sports Monitor v4,Shipped,2990.36,1495.18,East,Medium
3225,762,Electronics,589.12,Clothing Monitor v1,Pending,2797.05,559.41,East,Critical
3630,256,Furniture,745.20,Furniture Apparel v5,Shipped,2088.87,696.29,West,High
5025,758,Electronics,835.92,Toys Monitor v5,Canceled,1651.56,825.78,South,High
,354,Clothing,695.96,Furniture Apparel v4,Completed,2039.31,679.77,Midwest,Critical
2988,827,Electronics,1368.77,Clothing Monitor v3,Pending,2660.58,1330.29,Midwest,High
2047,177,Clothing,512.47,Sports Monitor v1,Shipped,1862.64,465.66,Midwest,Low
,631,Clothing,1610.77,Toys System v2,Processing,7909.75,1581.95,East,Medium
7493,584,Electronics,1635.97,Toys Monitor v4,Processing,3183.32,1591.66,West,Low
,172,Sports,1974.34,Appliances Desk v2,Processing,5856.45,1952.15,South,Low
5168,183,Toys,1319.90,Electronics Device v3,Pending,3914.82,1304.94,West,High
6107,419,Appliances,705.58,Appliances Monitor v2,Processing,1325.24,662.62,West,Low
8118,578,Sports,534.85,Toys Tool v1,Completed,1029.7,514.85,South,High
6777,180,Appliances,1849.55,Clothing System v3,Shipped,1832.13,1832.13,North,High
1154,502,Clothing,1174.72,Sports Device v4,Completed,3487.17,1162.39,Midwest,Low
8634,496,Toys,1962.47,Furniture Apparel v5,Shipped,9746.5,1949.3,North,Critical
4418,528,Toys,1998.24,Toys System v4,Shipped,7911.0,1977.75,Midwest,Medium
6894,441,Sports,91.34,Furniture Gear v1,Shipped,147.78,73.89,North,Low
2692,642,Clothing,1731.89,Furniture Apparel v2,Canceled,8595.25,1719.05,Midwest,High
,335,Clothing,661.28,Electronics Gear v1,Pending,1919.88,639.96,South,Critical
8135,736,Appliances,161.02,Appliances Apparel v4,Shipped,439.59,146.53,East,Medium
3261,659,Sports,1335.23,Sports Monitor v4,Completed,5196.96,1299.24,West,High
,401,Sports,495.45,Electronics Desk v1,Processing,1907.12,476.78,Midwest,Critical
9146,476,Appliances,1493.24,Appliances Widget v3,Canceled,4412.67,1470.89,West,Low
7874,412,Furniture,1934.44,Clothing Tool v4,Shipped,3856.86,1928.43,West,Low
3931,896,Clothing,64.74,Electronics Tool v5,Processing,93.75,31.25,East,Low
9373,535,Furniture,672.16,Electronics Gear v2,Pending,635.41,635.41,South,High
4268,581,Toys,437.91,Toys Monitor v2,Completed,1234.32,411.44,East,Medium
2357,723,Clothing,1148.77,Appliances Tool v1,Canceled,5593.5,1118.7,South,Medium
6005,632,Electronics,1659.70,Sports Apparel v4,Shipped,4873.98,1624.66,East,Medium
4533,672,Electronics,1308.16,Electronics Gear v4,Canceled,2583.12,1291.56,East,Critical
1154,359,Sports,1411.65,Appliances Tool v2,Processing,4087.95,1362.65,East,Medium
3315,592,Toys,344.68,Toys Tool v3,Completed,299.04,299.04,West,High
9032,852,Appliances,494.62,Clothing Tool v5,Processing,465.79,465.79,South,Medium
9464,872,Toys,1597.26,Sports Widget v2,Pending,7903.9,1580.78,North,Medium
7528,550,Furniture,1036.24,Clothing Device v5,Processing,1010.83,1010.83,North,Medium
1404,693,Electronics,944.38,Appliances Apparel v1,Canceled,898.46,898.46,Midwest,Critical
,612,Clothing,1327.32,Clothing System v5,Completed,3961.23,1320.41,Midwest,Low
,742,Electronics,185.49,Furniture Apparel v3,Processing,832.1,166.42,West,High
8714,144,Furniture,1091.59,Electronics System v3,Completed,3258.33,1086.11,West,Low
6310,781,Toys,1785.46,Toys Monitor v1,Canceled,1769.16,1769.16,East,Medium
6764,703,Furniture,836.75,Sports System v4,Pending,3301.32,825.33,North,Critical
8112,476,Clothing,187.17,Appliances Widget v1,Shipped,285.56,142.78,Midwest,Critical
1309,702,Sports,138.99,Clothing Device v1,Completed,128.04,128.04,Midwest,Low
1412,136,Clothing,1996.63,Electronics Apparel v2,Processing,5887.2,1962.4,South,Medium
5974,629,Clothing,1511.26,Appliances Device v1,Shipped,2936.66,1468.33,South,High
3744,867,Appliances,1773.81,Furniture Desk v4,Processing,8643.75,1728.75,East,Low
8503,422,Toys,345.71,Sports Tool v5,Shipped,664.38,332.19,North,Medium
5800,774,Electronics,1682.87,Clothing Gear v3,Shipped,1662.8,1662.8,Midwest,Medium
5554,357,Clothing,1775.19,Furniture System v5,Completed,8629.0,1725.8,West,High
5680,714,Toys,1466.30,Electronics Device v3,Pending,5722.44,1430.61,East,Low
1943,223,Electronics,1412.31,Toys Device v3,Pending,5552.84,1388.21,East,High
,390,Appliances,1050.59,Clothing Apparel v5,Processing,5075.55,1015.11,West,High
4344,162,Sports,1763.29,Electronics Apparel v4,Shipped,8589.85,1717.97,South,Low
9515,238,Electronics,1769.33,Clothing Tool v2,Canceled,5190.21,1730.07,East,High
5339,137,Toys,1502.52,Furniture Gear v5,Processing,1479.66,1479.66,North,High
5254,723,Toys,1070.02,Sports Gear v4,Canceled,5193.9,1038.78,Midwest,High
2114,294,Appliances,1099.25,Toys Device v1,Shipped,3208.11,1069.37,East,Critical
3464,649,Sports,650.23,Clothing Gear v4,Processing,1844.28,614.76,Midwest,Medium
5901,519,Sports,476.20,Toys Device v1,Shipped,459.9,459.9,North,Medium
8647,324,Electronics,1438.40,Clothing Monitor v4,Pending,5574.12,1393.53,South,Low
6063,750,Sports,421.92,Electronics System v2,Completed,1643.48,410.87,South,High
7672,847,Electronics,1928.34,Furniture Apparel v4,Completed,1916.79,1916.79,South,Critical
1646,878,Clothing,1329.39,Toys Apparel v4,Canceled,2614.92,1307.46,Midwest,Low
7199,265,Sports,1641.71,Appliances Gear v3,Completed,3229.56,1614.78,South,High
8979,401,Furniture,1050.25,Electronics Desk v4,Canceled,5078.45,1015.69,North,Low
4566,313,Electronics,1156.41,Sports Apparel v1,Shipped,5745.4,1149.08,North,Medium
,167,Electronics,423.05,Clothing Device v5,Canceled,375.56,375.56,East,Medium
2276,174,Sports,1268.38,Appliances System v3,Pending,2492.58,1246.29,South,Medium
7012,770,Clothing,705.97,Electronics Tool v3,Canceled,3361.2,672.24,Midwest,Low
,816,Toys,745.87,Appliances Widget v1,Completed,1470.26,735.13,West,High
7560,283,Clothing,298.94,Appliances System v2,Completed,546.86,273.43,Midwest,Low
5152,379,Toys,1712.36,Toys System v3,Pending,3335.38,1667.69,West,High
5744,470,Appliances,1783.25,Appliances Desk v5,Canceled,8670.1,1734.02,West,Low
2784,216,Sports,104.20,Toys Widget v3,Shipped,293.76,73.44,West,High
7835,576,Furniture,589.21,Sports Device v2,Pending,557.6,557.6,North,Critical
2393,394,Clothing,49.98,Toys Apparel v4,Pending,37.4,37.4,North,Critical
4523,811,Electronics,1328.09,Toys Gear v4,Pending,1304.39,1304.39,North,High
3132,336,Clothing,895.24,Clothing Device v4,Canceled,855.81,855.81,West,Critical
3653,760,Clothing,2031.69,Electronics Widget v5,Shipped,3986.14,1993.07,North,Low
2395,357,Appliances,815.50,Electronics System v4,Shipped,1612.86,806.43,North,High
3604,486,Clothing,1319.02,Sports Tool v4,Pending,1279.18,1279.18,Midwest,Critical
,361,Appliances,391.09,Appliances Tool v1,Canceled,1855.85,371.17,East,Medium
6789,698,Electronics,420.26,Toys Widget v5,Shipped,1612.92,403.23,Midwest,Medium
9346,381,Sports,289.61,Toys Widget v5,Pending,959.48,239.87,South,Critical
5420,308,Electronics,1810.85,Furniture Device v4,Canceled,1795.72,1795.72,East,Medium
3751,166,Toys,238.55,Furniture Monitor v2,Canceled,669.87,223.29,West,Medium
5102,244,Clothing,1922.26,Furniture Tool v3,Shipped,7596.48,1899.12,Midwest,Low
,459,Furniture,1070.08,Appliances Monitor v1,Canceled,4157.24,1039.31,West,Medium
8036,547,Appliances,1923.38,Furniture Apparel v2,Canceled,7651.24,1912.81,Midwest,High
8829,441,Appliances,1273.62,Electronics System v5,Pending,1255.13,1255.13,Midwest,High
4234,199,Sports,1277.43,Sports Apparel v3,Completed,3705.54,1235.18,South,Critical
2871,629,Furniture,1731.47,Furniture Desk v4,Pending,8548.25,1709.65,East,Low
1035,168,Furniture,1455.97,Electronics Device v1,Processing,5684.16,1421.04,East,Low
8910,524,Sports,1993.62,Clothing Apparel v3,Pending,1952.76,1952.76,North,Medium
4153,570,Electronics,1682.40,Sports Monitor v5,Shipped,8277.5,1655.5,North,Medium
4593,261,Sports,221.53,Toys Tool v4,Shipped,533.61,177.87,South,Critical
5029,400,Electronics,1182.55,Clothing Desk v5,Completed,5728.4,1145.68,North,Medium
3925,885,Appliances,746.92,Furniture System v4,Canceled,698.07,698.07,South,Critical
9542,845,Toys,1616.57,Clothing Gear v5,Shipped,4742.55,1580.85,East,Medium
6908,428,Sports,62.63,Sports Desk v5,Shipped,30.24,30.24,West,Medium
2449,334,Appliances,183.76,Furniture Desk v5,Completed,518.07,172.69,West,High
,308,Furniture,1579.92,Toys Monitor v4,Processing,3135.36,1567.68,South,High
9527,216,Appliances,755.95,Toys Tool v5,Processing,3675.1,735.02,South,Critical
9628,723,Sports,2005.28,Electronics Desk v4,Pending,9791.15,1958.23,West,Low
5640,588,Appliances,754.95,Electronics Gear v5,Processing,2199.39,733.13,West,High
1648,165,Sports,1421.78,Electronics System v2,Processing,2787.82,1393.91,South,Low
9905,250,Toys,1514.80,Electronics Desk v2,Completed,1508.41,1508.41,North,Medium
3998,246,Toys,1054.41,Toys System v5,Pending,3135.51,1045.17,North,Critical
,477,Furniture,1165.12,Electronics Device v5,Processing,4585.36,1146.34,North,High
9495,210,Sports,1410.51,Appliances Apparel v1,Canceled,5504.12,1376.03,West,Medium
6975,270,Electronics,1938.85,Sports Apparel v3,Shipped,1900.5,1900.5,West,Medium
8907,350,Sports,1299.53,Furniture Widget v3,Completed,6400.6,1280.12,East,Medium
7671,602,Sports,1634.67,Electronics Tool v5,Canceled,7934.3,1586.86,Midwest,Medium
5506,581,Clothing,110.61,Appliances Device v1,Pending,241.23,80.41,South,Medium
7672,212,Clothing,1908.54,Clothing Widget v1,Processing,1869.42,1869.42,Midwest,Medium
4066,586,Sports,1604.30,Electronics Apparel v2,Shipped,3194.96,1597.48,South,Critical
1904,653,Toys,1180.35,Toys Widget v3,Shipped,3435.27,1145.09,East,High
6616,876,Sports,1220.79,Electronics Tool v2,Processing,2354.6,1177.3,West,Low
9255,744,Electronics,232.95,Furniture Desk v1,Processing,1124.25,224.85,West,Critical
7032,186,Electronics,1002.76,Electronics Device v5,Processing,2956.2,985.4,East,Critical
,568,Furniture,893.52,Furniture Tool v1,Processing,1725.7,862.85,Midwest,Critical
6935,791,Clothing,1738.20,Toys Device v3,Processing,6929.24,1732.31,South,Critical
9687,542,Toys,501.83,Appliances Apparel v4,Shipped,453.74,453.74,South,Critical
1223,828,Appliances,205.51,Sports Widget v4,Canceled,159.36,159.36,West,Medium
9613,423,Sports,1364.12,Furniture Monitor v2,Completed,6706.55,1341.31,South,Low
7442,492,Sports,674.13,Toys Apparel v4,Completed,3139.0,627.8,Midwest,Medium
6716,673,Toys,1899.47,Toys Device v2,Canceled,1890.48,1890.48,South,High
5653,376,Sports,1346.01,Furniture System v1,Pending,2640.02,1320.01,West,Medium
2786,241,Clothing,1387.72,Clothing System v1,Processing,5508.8,1377.2,West,Critical
3089,719,Appliances,215.95,Sports System v1,Pending,773.24,193.31,South,Critical
5615,661,Toys,1470.13,Appliances Gear v4,Completed,1431.43,1431.43,North,High
1729,565,Electronics,950.00,Sports Monitor v1,Canceled,1815.22,907.61,West,High
,345,Appliances,911.15,Sports Device v2,Completed,3581.56,895.39,West,High
8953,285,Furniture,1468.73,Furniture Device v3,Pending,1458.5,1458.5,North,Critical
,592,Sports,1000.15,Appliances Monitor v1,Shipped,995.0,995.0,North,High
9208,670,Appliances,1972.06,Clothing Device v3,Canceled,3845.1,1922.55,North,High
8221,675,Clothing,848.28,Clothing Monitor v1,Pending,3205.28,801.32,West,Critical
7822,825,Clothing,273.48,Electronics Monitor v5,Shipped,460.72,230.36,North,Low
1551,122,Sports,541.75,Clothing Desk v1,Processing,1554.99,518.33,South,Medium
1918,797,Electronics,1525.99,Sports System v1,Shipped,2968.66,1484.33,North,Medium
8248,321,Clothing,174.91,Appliances Widget v5,Pending,661.75,132.35,East,Critical
5292,603,Appliances,548.97,Electronics Device v5,Completed,2056.0,514.0,West,Low
8231,837,Sports,1194.99,Sports Tool v2,Pending,2305.92,1152.96,North,High
2341,746,Clothing,573.12,Toys Tool v4,Shipped,557.01,557.01,North,Critical
8005,861,Clothing,884.35,Clothing Widget v5,Shipped,1702.28,851.14,South,High
8794,731,Furniture,1024.97,Clothing Apparel v1,Canceled,999.75,999.75,West,Critical
5012,547,Toys,62.00,Toys Gear v3,Shipped,93.5,46.75,Midwest,Medium
4416,372,Electronics,1213.27,Sports Gear v5,Completed,1178.43,1178.43,West,High
2201,381,Appliances,620.63,Electronics Apparel v4,Shipped,2857.9,571.58,North,High
,206,Furniture,1783.07,Electronics Device v3,Processing,3506.4,1753.2,South,Low
2056,575,Appliances,1228.99,Toys System v5,Canceled,6055.75,1211.15,Midwest,Medium
8729,484,Clothing,1242.56,Electronics Tool v3,Pending,1206.34,1206.34,North,High
9883,142,Clothing,1936.78,Furniture System v3,Shipped,1913.66,1913.66,South,Medium
4606,520,Electronics,41.32,Toys Device v2,Completed,64.56,16.14,Midwest,High
1041,837,Sports,1383.88,Furniture Desk v5,Completed,5514.84,1378.71,East,High
1346,484,Sports,2005.88,Electronics Tool v5,Canceled,5987.4,1995.8,North,Low
,280,Appliances,523.26,Electronics Monitor v4,Processing,481.38,481.38,Midwest,High
8819,141,Electronics,997.90,Appliances Apparel v5,Shipped,4852.35,970.47,Midwest,Critical
8313,564,Furniture,1657.41,Electronics Device v1,Canceled,6442.84,1610.71,South,High
8252,892,Sports,1052.27,Furniture Tool v4,Completed,1017.53,1017.53,West,Critical
4605,689,Sports,967.32,Appliances Apparel v1,Canceled,1909.02,954.51,South,Medium
7100,349,Electronics,424.85,Clothing System v2,Completed,397.68,397.68,East,Critical
7596,243,Sports,598.85,Furniture Widget v2,Pending,2304.52,576.13,South,Low
,865,Sports,833.10,Furniture Desk v1,Canceled,2408.61,802.87,South,High
4951,681,Clothing,665.56,Electronics System v1,Completed,1271.72,635.86,North,Low
3785,775,Toys,645.26,Sports System v3,Canceled,2540.84,635.21,East,Medium
5862,832,Appliances,1730.03,Electronics System v2,Canceled,6853.92,1713.48,West,High
3214,484,Electronics,1601.52,Clothing Gear v1,Processing,1580.13,1580.13,East,Critical
9561,308,Toys,367.82,Toys System v5,Pending,318.23,318.23,West,High
3844,822,Electronics,479.59,Electronics Apparel v2,Processing,452.11,452.11,Midwest,Medium
5246,759,Clothing,1537.02,Sports Widget v2,Processing,3000.58,1500.29,East,High
6643,534,Appliances,203.04,Toys Apparel v4,Shipped,786.85,157.37,North,Critical
2021,831,Furniture,1481.64,Electronics Widget v2,Canceled,4348.92,1449.64,South,Critical
8928,592,Sports,1178.19,Appliances Widget v3,Processing,3472.23,1157.41,Midwest,Low
3951,309,Electronics,1459.50,Toys Apparel v1,Shipped,4325.64,1441.88,West,High
,710,Furniture,845.78,Appliances System v5,Processing,1666.42,833.21,East,Critical
2073,308,Toys,63.29,Appliances Monitor v1,Completed,283.75,56.75,Midwest,Critical
6628,676,Appliances,1980.47,Appliances Desk v1,Pending,1955.33,1955.33,Midwest,Critical
9930,378,Electronics,1829.73,Furniture Widget v3,Shipped,5355.45,1785.15,South,Low
2392,133,Furniture,1745.62,Clothing Gear v5,Pending,1705.85,1705.85,East,Low
,898,Appliances,884.55,Sports Tool v3,Shipped,3405.0,851.25,West,Critical
7865,175,Furniture,1759.69,Appliances Gear v3,Canceled,3451.98,1725.99,South,High
2537,804,Clothing,1268.66,Clothing Desk v4,Canceled,3721.17,1240.39,East,Low
6712,182,Sports,1162.62,Clothing Tool v4,Canceled,4499.84,1124.96,South,Low
3631,609,Clothing,489.07,Furniture Tool v3,Pending,882.24,441.12,Midwest,High
2753,248,Appliances,1257.39,Furniture Tool v4,Canceled,1224.95,1224.95,North,Low
9471,136,Furniture,607.91,Electronics Gear v4,Pending,2938.15,587.63,North,Low
5930,678,Electronics,234.25,Sports Device v2,Pending,823.36,205.84,West,High
3896,807,Toys,390.29,Toys Tool v1,Shipped,1519.32,379.83,East,Critical
9509,146,Toys,1613.71,Sports Desk v2,Completed,1597.47,1597.47,East,Medium
3278,270,Electronics,1106.04,Clothing Monitor v4,Processing,1057.06,1057.06,East,High
5519,156,Electronics,1167.57,Electronics Apparel v5,Processing,5768.75,1153.75,North,Critical
4180,130,Appliances,891.24,Furniture Widget v2,Processing,2527.8,842.6,West,High
4464,845,Toys,914.96,Appliances Tool v5,Processing,2673.6,891.2,East,High
3966,394,Furniture,478.43,Toys Tool v2,Shipped,1352.55,450.85,North,Critical
2240,196,Sports,340.41,Sports Tool v1,Processing,318.88,318.88,North,High
5924,291,Electronics,1635.88,Furniture Tool v4,Processing,8045.0,1609.0,West,Critical
8029,162,Appliances,561.02,Clothing Widget v5,Canceled,1075.6,537.8,East,Low
3004,147,Appliances,1297.67,Appliances Monitor v3,Pending,2559.58,1279.79,West,Low
7150,690,Furniture,420.87,Appliances Device v3,Pending,1875.15,375.03,South,Critical
3343,126,Sports,798.19,Electronics System v3,Shipped,762.81,762.81,Midwest,Low
,848,Sports,485.90,Toys Gear v4,Shipped,2194.8,438.96,West,Medium
6835,246,Furniture,1784.83,Furniture Apparel v3,Canceled,8737.5,1747.5,East,High
8173,507,Furniture,677.73,Appliances Device v2,Canceled,3326.2,665.24,North,Medium
5194,651,Appliances,518.61,Appliances Gear v5,Canceled,1010.82,505.41,South,High
7708,292,Sports,182.83,Electronics Desk v5,Canceled,809.4,161.88,North,Medium
8277,381,Appliances,205.49,Furniture Monitor v5,Shipped,848.05,169.61,North,Medium
,754,Furniture,294.61,Furniture Widget v5,Completed,1063.48,265.87,West,High
,600,Toys,951.91,Sports Apparel v2,Canceled,2800.65,933.55,Midwest,Medium
1114,480,Electronics,1026.96,Electronics System v4,Canceled,2950.71,983.57,Midwest,Low
1270,900,Furniture,1796.36,Electronics Tool v2,Pending,3535.42,1767.71,West,Medium
8102,406,Sports,1842.95,Furniture Widget v5,Processing,5495.49,1831.83,North,Medium
3171,307,Furniture,781.22,Toys Widget v2,Completed,773.02,773.02,South,High
,565,Toys,1444.53,Clothing System v2,Completed,1416.48,1416.48,North,Critical
9060,264,Sports,709.45,Sports Desk v1,Processing,2814.68,703.67,West,Critical
4675,230,Toys,173.15,Electronics Desk v2,Completed,591.2,147.8,Midwest,Medium
4858,539,Clothing,1467.71,Appliances Tool v3,Shipped,5772.68,1443.17,North,High
3263,833,Toys,1400.26,Electronics Apparel v4,Pending,6927.5,1385.5,South,Low
,529,Electronics,849.04,Furniture Desk v2,Processing,2480.64,826.88,East,Medium
5984,605,Electronics,84.45,Appliances System v3,Completed,220.8,73.6,Midwest,Medium
1213,857,Furniture,1333.97,Electronics Widget v5,Canceled,5280.08,1320.02,West,Critical
9967,332,Electronics,663.63,Appliances Gear v2,Pending,2533.12,633.28,North,High
4078,636,Sports,869.05,Clothing Monitor v5,Completed,2458.47,819.49,East,Critical
7878,825,Toys,546.88,Toys Widget v4,Shipped,2565.8,513.16,West,Medium
4304,208,Electronics,160.58,Clothing Tool v1,Completed,675.2,135.04,South,High
2050,799,Furniture,1507.45,Electronics Device v2,Pending,5853.84,1463.46,North,Critical
5090,622,Clothing,1694.77,Clothing Tool v3,Completed,1675.58,1675.58,North,High
6975,319,Electronics,560.41,Clothing Device v1,Completed,2767.5,553.5,Midwest,High
1823,731,Furniture,916.88,Sports Desk v4,Canceled,1822.14,911.07,East,High
9279,722,Electronics,1218.45,Sports Tool v5,Canceled,2420.46,1210.23,Midwest,Critical
8331,791,Toys,1201.17,Sports Device v5,Completed,4607.64,1151.91,West,Medium
8694,820,Appliances,192.54,Toys System v4,Completed,638.0,159.5,South,High
3418,584,Clothing,1983.47,Electronics Apparel v2,Pending,1958.01,1958.01,South,High
9188,746,Furniture,1004.19,Electronics Device v1,Processing,1909.92,954.96,South,Medium
1655,521,Furniture,1783.46,Electronics Tool v5,Completed,5331.33,1777.11,North,Low
,355,Furniture,413.50,Appliances Apparel v3,Canceled,1558.48,389.62,East,Low
2832,185,Sports,1542.01,Toys System v1,Shipped,1510.47,1510.47,West,Low
2490,246,Toys,482.94,Sports System v1,Processing,443.06,443.06,South,Low
5402,287,Electronics,1523.75,Clothing Device v4,Pending,1479.15,1479.15,North,Medium
6630,837,Sports,1156.08,Furniture Widget v4,Canceled,3340.56,1113.52,Midwest,High
7550,722,Sports,1069.40,Toys Device v1,Canceled,2060.76,1030.38,Midwest,Critical
4183,736,Electronics,1281.71,Furniture Tool v1,Completed,2536.56,1268.28,Midwest,High
,476,Furniture,754.52,Electronics Widget v5,Pending,725.18,725.18,West,Low
,810,Electronics,948.18,Clothing System v3,Shipped,1820.62,910.31,North,Critical
7050,402,Toys,565.78,Electronics System v3,Shipped,1043.12,521.56,West,Critical
3332,156,Toys,432.87,Furniture Apparel v2,Processing,769.7,384.85,North,Low
4127,171,Appliances,1147.02,Electronics Gear v4,Shipped,3351.84,1117.28,North,Medium
7688,525,Furniture,1740.64,Clothing Device v1,Shipped,5132.28,1710.76,Midwest,Medium
8121,439,Sports,1718.25,Sports Tool v2,Canceled,1698.61,1698.61,East,Critical
4333,614,Furniture,1449.76,Furniture Desk v1,Shipped,2840.1,1420.05,East,Critical
5063,412,Toys,162.19,Furniture Widget v3,Pending,120.15,120.15,West,Low
5511,305,Furniture,1947.07,Sports Gear v3,Canceled,9489.4,1897.88,Midwest,Critical
3212,647,Toys,638.74,Toys Device v2,Processing,592.14,592.14,North,Low
2896,509,Sports,1286.12,Clothing Device v5,Canceled,1246.38,1246.38,West,Low
7880,756,Toys,1397.10,Electronics Tool v5,Completed,1382.8,1382.8,North,High
5137,301,Electronics,955.90,Clothing Monitor v5,Canceled,2849.82,949.94,South,Critical
1932,183,Toys,1971.63,Appliances Gear v3,Pending,5887.71,1962.57,West,High
,331,Clothing,1891.06,Sports Gear v1,Shipped,5627.07,1875.69,North,Critical
4573,502,Furniture,855.77,Clothing Widget v3,Canceled,2469.9,823.3,Midwest,Medium
7432,366,Electronics,770.13,Electronics Desk v3,Completed,1458.9,729.45,West,Critical
,820,Electronics,615.66,Furniture Monitor v1,Completed,1712.25,570.75,North,High
3955,842,Toys,387.01,Toys System v2,Canceled,1064.91,354.97,West,Low
9878,607,Electronics,245.67,Clothing Monitor v1,Canceled,213.08,213.08,North,Low
5890,581,Electronics,1435.09,Furniture Desk v1,Canceled,4180.5,1393.5,East,Low
,705,Appliances,929.66,Appliances Monitor v5,Canceled,3636.12,909.03,South,High
6589,555,Furniture,55.90,Appliances Gear v2,Completed,42.86,21.43,Midwest,High
1864,400,Appliances,753.55,Appliances System v5,Shipped,2814.84,703.71,Midwest,High
,151,Appliances,1658.21,Clothing Apparel v2,Shipped,1630.53,1630.53,South,Medium
1369,531,Clothing,59.58,Sports Tool v1,Pending,204.8,51.2,South,Critical
9834,398,Electronics,356.22,Appliances Device v3,Pending,1533.65,306.73,East,Medium
5967,728,Appliances,119.69,Electronics Gear v4,Canceled,163.86,81.93,South,High
9863,772,Toys,1025.99,Furniture Device v1,Shipped,989.65,989.65,West,Medium
2411,215,Toys,547.37,Clothing Gear v4,Canceled,1581.99,527.33,North,Low
5188,641,Clothing,23.17,Electronics Widget v5,Completed,14.17,14.17,North,High
7342,837,Toys,1210.13,Toys Monitor v5,Pending,1172.32,1172.32,Midwest,Critical
9380,790,Sports,1162.72,Furniture Monitor v2,Shipped,3472.05,1157.35,West,Critical
,325,Electronics,432.53,Furniture Apparel v4,Shipped,414.51,414.51,West,Low
2097,669,Appliances,1755.85,Clothing Device v3,Canceled,1706.19,1706.19,East,Medium
,142,Furniture,1161.74,Electronics Gear v4,Completed,1116.08,1116.08,North,Low
2201,166,Appliances,84.28,Clothing Widget v4,Canceled,74.1,37.05,South,High
1388,822,Electronics,871.82,Electronics System v3,Completed,3377.4,844.35,East,Medium
3655,271,Furniture,747.97,Electronics Gear v5,Processing,702.49,702.49,Midwest,High
1561,845,Appliances,932.38,Furniture Device v4,Processing,3657.44,914.36,West,Low
1066,358,Toys,224.26,Furniture Monitor v1,Completed,951.7,190.34,North,High
5502,637,Clothing,556.88,Clothing Tool v1,Processing,2156.56,539.14,Midwest,Medium
8212,163,Furniture,687.42,Furniture Desk v4,Canceled,1306.2,653.1,South,High
7960,338,Toys,174.40,Clothing Monitor v4,Processing,572.24,143.06,West,Critical
6971,569,Toys,338.98,Electronics Tool v5,Shipped,1579.35,315.87,East,Critical
5402,800,Appliances,1718.18,Appliances Desk v3,Processing,1696.82,1696.82,East,Low
,585,Electronics,433.36,Furniture System v3,Pending,773.48,386.74,North,Critical
7928,777,Appliances,1598.18,Appliances Apparel v2,Shipped,1592.4,1592.4,West,Low
4614,511,Furniture,1461.90,Clothing System v3,Processing,1448.79,1448.79,Midwest,Critical
8563,117,Appliances,1445.19,Electronics Monitor v1,Shipped,4254.12,1418.04,East,High
9482,376,Electronics,1182.46,Appliances Apparel v2,Canceled,2350.38,1175.19,Midwest,Medium
1328,157,Clothing,1582.25,Electronics Widget v4,Processing,1567.53,1567.53,North,Medium
8697,246,Appliances,1340.57,Clothing Device v2,Shipped,3995.91,1331.97,North,Medium
1377,597,Clothing,126.34,Electronics Widget v1,Completed,360.24,90.06,Midwest,Medium
4521,670,Clothing,1568.29,Sports Device v1,Shipped,4563.9,1521.3,Midwest,Medium
6229,143,Furniture,1350.72,Electronics Device v2,Canceled,2647.42,1323.71,East,High
1501,312,Appliances,778.80,Furniture Gear v4,Pending,1515.94,757.97,East,Medium
5942,739,Sports,184.09,Clothing Device v4,Processing,684.05,136.81,East,Critical
9826,278,Sports,194.41,Toys Gear v5,Processing,347.62,173.81,Midwest,Low
9814,256,Toys,435.80,Clothing Widget v3,Pending,817.76,408.88,East,Medium
7999,299,Appliances,552.49,Toys Monitor v1,Pending,1022.18,511.09,Midwest,Medium
9886,727,Sports,1185.88,Furniture Desk v1,Completed,5707.85,1141.57,North,Low
8731,633,Furniture,2005.79,Sports Widget v4,Completed,1957.1,1957.1,Midwest,Low
3208,605,Furniture,1021.25,Sports Monitor v3,Processing,2006.76,1003.38,South,Critical
9250,541,Sports,901.20,Toys Gear v5,Canceled,3544.68,886.17,Midwest,Critical
2849,789,Sports,139.64,Toys Widget v4,Canceled,283.5,94.5,Midwest,Medium
6142,478,Toys,1420.76,Furniture Widget v5,Pending,2813.66,1406.83,North,High
2099,222,Furniture,1697.20,Toys Device v3,Canceled,6748.24,1687.06,Midwest,Medium
9947,127,Clothing,1982.80,Furniture Gear v5,Completed,3928.72,1964.36,West,Critical
2041,373,Sports,196.47,Sports Monitor v5,Processing,147.33,147.33,Midwest,High
5624,273,Toys,1801.25,Appliances Gear v4,Completed,5386.35,1795.45,South,Critical
9240,763,Clothing,1511.21,Toys Gear v5,Shipped,3008.28,1504.14,East,Low
6683,803,Electronics,1960.70,Clothing Device v3,Completed,7816.0,1954.0,Midwest,Critical
3311,736,Electronics,907.69,Appliances Device v3,Processing,3594.44,898.61,Midwest,Low
1877,212,Clothing,1422.84,Appliances Desk v4,Shipped,4202.07,1400.69,South,Medium
5881,166,Electronics,360.97,Electronics Apparel v4,Canceled,1286.0,321.5,East,High
2067,218,Sports,1452.38,Furniture Tool v2,Shipped,4260.75,1420.25,West,High
6739,383,Sports,851.26,Toys Tool v5,Shipped,3217.12,804.28,South,Critical
4955,188,Electronics,174.76,Sports Widget v3,Pending,154.39,154.39,West,High
4457,348,Sports,1905.40,Sports Monitor v5,Pending,9367.4,1873.48,Midwest,Medium
,884,Electronics,574.38,Clothing System v5,Processing,545.73,545.73,Midwest,Low
4759,681,Furniture,1631.40,Sports Device v2,Canceled,6504.04,1626.01,Midwest,Medium
5246,171,Sports,1549.24,Toys Monitor v1,Canceled,4511.13,1503.71,East,Low
2401,800,Electronics,585.33,Clothing Tool v2,Shipped,2166.2,541.55,North,Low
5585,348,Sports,1923.87,Toys System v2,Canceled,9481.0,1896.2,South,Critical
6230,887,Clothing,1086.39,Clothing Monitor v3,Shipped,4194.68,1048.67,West,High
,143,Appliances,489.04,Clothing Tool v2,Canceled,482.91,482.91,West,Low
5675,365,Furniture,1515.77,Clothing Gear v4,Completed,2968.94,1484.47,North,High
5475,210,Electronics,574.08,Sports Apparel v5,Shipped,534.41,534.41,Midwest,High
5547,247,Sports,826.16,Appliances Monitor v5,Processing,790.88,790.88,North,Critical
5856,620,Furniture,1377.29,Appliances Tool v4,Canceled,1329.09,1329.09,Midwest,Medium
6549,656,Electronics,1079.84,Clothing Desk v1,Processing,4272.56,1068.14,Midwest,Critical
8649,616,Toys,1378.88,Appliances Apparel v5,Pending,6726.5,1345.3,North,Low
8293,201,Toys,1765.84,Toys Desk v4,Shipped,3481.42,1740.71,South,Medium
2739,814,Toys,812.42,Clothing Tool v2,Pending,785.15,785.15,North,Low
8262,699,Clothing,878.88,Appliances Device v2,Completed,1722.82,861.41,East,Critical
9351,551,Appliances,1496.49,Toys Apparel v5,Completed,4377.48,1459.16,Midwest,Medium
1292,503,Toys,1165.72,Clothing Tool v3,Pending,5599.75,1119.95,North,Critical
8734,759,Sports,221.21,Appliances Desk v1,Shipped,173.51,173.51,South,Low
9366,864,Toys,1191.00,Appliances Apparel v1,Shipped,3505.32,1168.44,South,Critical
4324,888,Sports,1826.14,Toys Monitor v4,Canceled,7251.68,1812.92,North,High
1820,681,Electronics,598.24,Appliances Desk v3,Processing,1130.08,565.04,South,Medium
6009,504,Clothing,1718.92,Toys Gear v1,Completed,1692.88,1692.88,West,High
1022,141,Clothing,845.08,Electronics Desk v2,Shipped,4087.45,817.49,West,High
,349,Sports,1949.69,Appliances Tool v1,Processing,7733.64,1933.41,West,Critical
4674,690,Furniture,1921.89,Clothing Desk v5,Canceled,9375.15,1875.03,West,Low
9261,261,Furniture,1571.25,Sports Gear v4,Processing,7665.05,1533.01,North,Low
3933,207,Clothing,1064.68,Furniture System v2,Completed,5172.25,1034.45,North,Critical
2600,274,Appliances,938.98,Furniture Apparel v1,Completed,2761.05,920.35,West,High
5142,514,Appliances,1555.50,Sports Gear v1,Completed,6098.96,1524.74,South,Medium
2023,875,Appliances,749.10,Sports Desk v3,Pending,2104.86,701.62,West,High
8915,648,Clothing,1344.34,Furniture Widget v5,Pending,5243.76,1310.94,North,Critical
,203,Clothing,1116.21,Electronics Desk v5,Processing,2140.72,1070.36,Midwest,Medium
3930,262,Electronics,248.03,Appliances System v2,Pending,1195.3,239.06,North,Medium
3835,398,Furniture,202.58,Clothing Widget v3,Shipped,709.28,177.32,East,High
6348,322,Sports,1415.20,Toys Widget v4,Processing,5518.52,1379.63,West,Critical
6996,200,Toys,1979.41,Electronics System v4,Canceled,1935.74,1935.74,Midwest,Low
3442,842,Appliances,101.46,Toys Widget v5,Canceled,387.85,77.57,West,Medium
2016,198,Clothing,685.48,Electronics Gear v4,Processing,1929.0,643.0,Midwest,Critical
9514,489,Appliances,450.51,Furniture Widget v5,Completed,2213.5,442.7,South,Low
,434,Electronics,894.90,Electronics Widget v4,Completed,1779.66,889.83,West,Low
,755,Sports,1388.27,Furniture Device v5,Processing,6703.45,1340.69,North,High
8742,733,Sports,1004.83,Appliances Desk v4,Shipped,1995.28,997.64,West,Critical
,456,Electronics,552.14,Sports Widget v5,Canceled,1011.68,505.84,Midwest,Medium
3021,156,Sports,1934.26,Clothing Device v3,Shipped,7576.48,1894.12,Midwest,Medium
1553,181,Toys,1542.00,Clothing Widget v4,Completed,1506.23,1506.23,South,High
3254,373,Appliances,1032.39,Sports Gear v3,Completed,1999.72,999.86,North,High
1611,226,Furniture,1486.68,Furniture Widget v5,Pending,5761.92,1440.48,West,Medium
8350,352,Toys,895.58,Clothing Tool v4,Canceled,1750.04,875.02,East,Low
6109,614,Sports,1334.42,Toys Widget v3,Canceled,6485.55,1297.11,South,Low
6735,492,Clothing,887.08,Sports Tool v1,Pending,865.05,865.05,East,Low
7892,693,Toys,183.34,Appliances Apparel v2,Canceled,454.05,151.35,North,Medium
8518,762,Furniture,1128.59,Appliances Widget v4,Canceled,1119.64,1119.64,Midwest,High
5889,726,Clothing,135.85,Furniture Apparel v4,Pending,382.14,127.38,East,Medium
7917,889,Appliances,839.10,Sports Widget v5,Canceled,3976.55,795.31,North,High
4054,246,Electronics,632.14,Toys Tool v5,Pending,1876.65,625.55,South,High
3441,300,Toys,1528.73,Electronics Monitor v1,Processing,6020.48,1505.12,North,Low
6052,581,Toys,447.17,Electronics Device v3,Canceled,844.76,422.38,Midwest,Medium
2552,787,Furniture,1532.28,Sports Tool v4,Pending,6025.28,1506.32,South,High
7931,108,Furniture,1499.01,Electronics System v1,Completed,4477.35,1492.45,South,Critical
3695,814,Electronics,374.71,Appliances Tool v2,Canceled,1326.6,331.65,West,High
9683,374,Electronics,744.45,Furniture System v3,Canceled,1473.38,736.69,East,Critical
6826,307,Clothing,1066.53,Electronics Desk v3,Canceled,4213.92,1053.48,South,High
5876,713,Furniture,1017.27,Electronics Device v3,Canceled,1005.86,1005.86,Midwest,High
8990,355,Clothing,104.86,Sports Apparel v1,Shipped,275.64,68.91,South,High
3711,856,Appliances,1276.27,Toys Monitor v2,Completed,6243.45,1248.69,Midwest,Critical
8952,357,Furniture,499.07,Sports Widget v2,Processing,454.08,454.08,South,Medium
7536,586,Clothing,1691.28,Appliances Gear v4,Completed,4998.09,1666.03,Midwest,Low
4428,261,Furniture,1400.73,Electronics Monitor v2,Pending,5440.12,1360.03,South,Critical
7417,772,Furniture,256.43,Furniture Gear v3,Shipped,907.36,226.84,North,Medium
8023,395,Electronics,1865.73,Appliances Apparel v5,Shipped,1838.14,1838.14,North,Low
7436,854,Toys,609.15,Clothing Device v3,Completed,2264.24,566.06,North,Low
5129,197,Appliances,2001.87,Appliances Desk v1,Pending,9917.55,1983.51,West,High
7198,462,Toys,1887.54,Appliances Widget v1,Pending,3751.36,1875.68,East,Low
1444,592,Sports,790.09,Electronics Gear v5,Canceled,3837.15,767.43,West,High
1194,107,Toys,926.33,Furniture Monitor v3,Pending,918.58,918.58,Midwest,High
8547,891,Toys,1302.97,Electronics Desk v4,Canceled,1256.83,1256.83,South,Critical
6496,192,Clothing,1662.45,Clothing Tool v2,Completed,8084.75,1616.95,North,High
4613,262,Clothing,889.12,Furniture Desk v1,Canceled,4410.65,882.13,Midwest,Critical
3320,459,Furniture,261.81,Sports Desk v2,Shipped,1206.95,241.39,West,Low
7562,332,Sports,789.03,Toys Widget v1,Canceled,781.87,781.87,South,Low
7399,395,Clothing,1753.20,Toys System v1,Processing,1731.91,1731.91,North,Critical
1387,824,Appliances,491.33,Clothing System v3,Pending,1433.34,477.78,Midwest,High
,136,Sports,1581.25,Sports Apparel v3,Completed,7788.55,1557.71,Midwest,Medium
5024,202,Electronics,834.91,Furniture Monitor v1,Pending,1638.76,819.38,South,Critical
1926,686,Clothing,1757.67,Electronics Tool v4,Canceled,8708.2,1741.64,East,High
3988,746,Appliances,770.51,Sports Desk v3,Shipped,2952.0,738.0,South,High
9700,252,Clothing,1775.94,Clothing Desk v2,Pending,8749.55,1749.91,West,Low
4315,190,Furniture,841.03,Furniture Apparel v4,Canceled,1611.8,805.9,North,Critical
,849,Electronics,472.95,Appliances System v5,Shipped,1784.56,446.14,South,Critical
5729,622,Clothing,804.15,Furniture Tool v5,Shipped,3156.48,789.12,Midwest,High
1069,254,Appliances,1021.86,Toys System v3,Shipped,4050.36,1012.59,North,Medium
,247,Clothing,1477.39,Toys Apparel v3,Shipped,7239.2,1447.84,South,Medium
8319,154,Sports,1459.82,Electronics Gear v4,Canceled,1438.05,1438.05,South,Critical
9171,150,Sports,1415.41,Clothing Widget v2,Processing,5609.28,1402.32,North,Low
1484,575,Clothing,988.89,Toys Gear v2,Canceled,948.93,948.93,Midwest,Critical
9100,241,Toys,1829.87,Clothing Gear v4,Processing,7163.04,1790.76,Midwest,Medium
5355,346,Furniture,862.91,Appliances Monitor v2,Processing,3421.12,855.28,North,Medium
5642,634,Furniture,273.09,Clothing Widget v5,Canceled,911.96,227.99,South,Low
,782,Sports,1554.07,Appliances Widget v1,Shipped,1505.24,1505.24,North,Critical
1077,531,Electronics,266.26,Electronics Tool v5,Processing,260.0,260.0,East,High
7937,211,Clothing,291.33,Furniture Apparel v4,Processing,1018.24,254.56,West,High
8328,486,Furniture,173.87,Electronics Gear v5,Completed,125.08,125.08,South,Low
8552,109,Furniture,1184.49,Furniture Gear v1,Canceled,4570.72,1142.68,East,Medium
6433,265,Clothing,555.27,Appliances Widget v5,Pending,533.71,533.71,South,Low
9284,398,Clothing,1557.73,Sports Desk v3,Canceled,7706.55,1541.31,West,High
9119,617,Toys,182.27,Sports Monitor v2,Completed,862.65,172.53,North,Critical
,824,Sports,603.02,Clothing System v3,Canceled,1659.48,553.16,East,Medium
2027,109,Sports,1277.63,Clothing Gear v2,Processing,6190.8,1238.16,South,Low
2399,196,Electronics,1004.92,Electronics Monitor v5,Pending,3956.16,989.04,West,Medium
1960,882,Sports,936.22,Electronics Gear v2,Processing,905.3,905.3,North,Medium
6978,101,Clothing,795.47,Electronics System v3,Completed,1574.28,787.14,North,High
7689,537,Clothing,1231.73,Furniture Widget v2,Canceled,4889.4,1222.35,North,High
,305,Clothing,1809.02,Electronics Desk v2,Completed,1761.72,1761.72,East,Critical
6270,737,Sports,1247.95,Furniture System v5,Canceled,1201.59,1201.59,West,High
8023,839,Clothing,1847.21,Toys Widget v3,Completed,1840.19,1840.19,West,Critical
4001,526,Toys,393.46,Furniture Widget v2,Processing,353.66,353.66,North,Medium
2852,586,Clothing,227.86,Sports Widget v3,Pending,939.0,187.8,South,Critical
6530,346,Clothing,1688.50,Toys Gear v4,Pending,8322.4,1664.48,North,High
4722,807,Electronics,1600.63,Clothing System v3,Pending,3165.36,1582.68,East,Low
9451,307,Clothing,254.25,Sports Desk v5,Shipped,246.45,246.45,Midwest,Low
8592,141,Sports,1657.13,Clothing Apparel v2,Pending,3275.56,1637.78,West,Medium
2675,656,Appliances,1575.34,Clothing Tool v4,Pending,7645.6,1529.12,Midwest,Medium
7779,439,Appliances,817.79,Electronics Tool v2,Canceled,4018.35,803.67,South,High
8473,317,Clothing,286.15,Toys Device v3,Processing,561.54,280.77,Midwest,High
3704,439,Appliances,51.18,Appliances Tool v2,Shipped,104.76,26.19,South,Critical
5544,226,Electronics,1489.63,Clothing System v4,Processing,2963.0,1481.5,South,Low
7398,435,Electronics,859.57,Electronics System v5,Canceled,854.2,854.2,West,Low
6077,821,Appliances,1866.01,Toys Device v2,Processing,3679.72,1839.86,East,Medium
2739,502,Electronics,1994.27,Furniture Tool v4,Canceled,5962.62,1987.54,North,Low
,810,Appliances,989.82,Toys Monitor v4,Pending,3900.2,975.05,Midwest,Medium
9245,162,Sports,615.83,Sports Tool v3,Shipped,585.94,585.94,Midwest,Medium
4867,528,Electronics,22.26,Furniture Widget v5,Completed,11.72,11.72,North,Medium
1917,866,Electronics,445.09,Furniture Tool v2,Completed,2104.25,420.85,East,Medium
6516,529,Electronics,1097.15,Furniture Device v4,Completed,4310.0,1077.5,Midwest,High
4177,121,Appliances,238.56,Furniture Apparel v1,Processing,225.69,225.69,Midwest,Medium
4622,232,Toys,323.42,Furniture System v5,Canceled,1171.08,292.77,South,Low
2385,763,Clothing,1440.70,Clothing System v1,Processing,7077.3,1415.46,West,Medium
2310,482,Sports,1486.58,Furniture Gear v5,Processing,7335.8,1467.16,South,Critical
7797,533,Sports,1469.75,Furniture Tool v4,Canceled,1422.61,1422.61,South,Critical
1697,716,Appliances,1479.39,Appliances Device v4,Completed,7236.65,1447.33,North,Medium
7466,114,Clothing,862.54,Clothing System v4,Processing,853.48,853.48,South,High
1131,612,Clothing,1484.78,Clothing Apparel v3,Completed,1438.28,1438.28,Midwest,Medium
7693,245,Clothing,46.39,Furniture Device v2,Completed,38.22,12.74,East,Low
7579,810,Sports,1318.37,Toys System v4,Shipped,5191.72,1297.93,East,High
9735,453,Sports,463.83,Toys System v2,Pending,1814.52,453.63,North,High
9881,811,Toys,1901.44,Electronics System v5,Pending,7438.88,1859.72,North,Critical
,341,Clothing,70.23,Clothing Monitor v4,Completed,97.28,24.32,South,High
2609,440,Clothing,119.41,Toys System v1,Completed,189.3,94.65,South,Medium
,343,Electronics,314.95,Sports Desk v4,Processing,266.06,266.06,North,Low
,341,Furniture,1126.26,Appliances System v1,Canceled,1112.79,1112.79,Midwest,Low
7686,811,Toys,942.49,Furniture Apparel v4,Shipped,915.34,915.34,East,Critical
6198,505,Clothing,761.59,Appliances Device v3,Completed,734.24,734.24,East,Critical
3334,573,Toys,715.64,Appliances Widget v3,Shipped,2010.57,670.19,North,Medium
8270,445,Sports,332.74,Sports Widget v2,Shipped,1597.15,319.43,Midwest,High
6327,502,Electronics,1722.65,Electronics Gear v3,Canceled,1715.0,1715.0,North,High
,577,Appliances,1854.33,Toys Apparel v3,Pending,5490.93,1830.31,North,Medium
6391,114,Furniture,937.05,Electronics Apparel v1,Completed,1788.66,894.33,West,High
,374,Appliances,1542.65,Appliances Tool v5,Processing,3003.1,1501.55,North,Medium
1650,242,Toys,1946.61,Appliances Widget v2,Processing,1935.81,1935.81,North,Low
8595,214,Clothing,869.63,Clothing Widget v1,Canceled,1687.74,843.87,North,High
2381,836,Clothing,1333.68,Electronics Monitor v4,Completed,2579.44,1289.72,North,High
1602,762,Sports,28.85,Toys Tool v4,Completed,94.64,23.66,South,Medium
7102,535,Toys,921.86,Clothing Gear v1,Pending,2685.03,895.01,North,Low
6418,340,Clothing,1871.35,Clothing Monitor v3,Shipped,9220.3,1844.06,Midwest,Critical
9783,323,Toys,1703.78,Toys Tool v4,Shipped,1688.15,1688.15,South,Critical
8287,444,Clothing,1121.25,Furniture Widget v3,Processing,2151.64,1075.82,Midwest,Critical
7933,403,Appliances,1084.37,Sports Monitor v4,Pending,1047.91,1047.91,North,Critical
4490,365,Furniture,1540.16,Furniture Apparel v5,Canceled,1491.73,1491.73,West,Critical
